,0,1,2,3,4,5,6,7,8,9,10,11,12,13,14,15
0,-0.7267064,-0.4999371,-0.8010777,-0.94904447,-0.8165574,-0.5846237,-0.2869691,-0.8234828,-0.8664937,-0.29194355,-0.77985597,-1.2730192,-0.9742043,-0.4551871,-0.11788357,-0.28712684
1,-1.0982279,-0.43582147,-1.0542152,-0.2531702,-0.780266,-0.67955935,-0.56675017,0.49964112,-1.1298677,-0.25371286,-0.8101567,-1.2113074,-1.3881973,-1.0283018,-0.98867285,-0.36242414
2,-1.0363076,-0.94874644,-0.47561532,0.31618148,-1.360929,-0.8377855,-0.6786626,-0.5690359,-0.7707214,-0.71248126,-0.9010591,-0.96446025,-1.2107717,-0.7586008,-0.6537539,-1.0024512
3,-0.23134434,1.7761675,0.06682206,0.37944278,2.8488781,1.3457352,0.72024274,1.1103137,0.30671754,0.39620906,1.583605,0.20806392,0.6817677,0.21906547,1.288776,0.35290024
4,-0.26230446,0.0129879,0.42844698,1.075317,0.7076831,0.11157133,0.04876819,1.5174288,0.6179777,-0.024328642,0.34127298,0.5166229,1.1549026,0.6573297,0.7194138,-0.3247755
5,0.5426588,0.10916133,-0.15015289,0.9487945,1.1431804,0.11157133,0.7761989,0.7031986,0.52220535,-0.25371286,-0.052637182,0.08464032,0.14949098,0.32020336,0.38449487,-0.061234925
6,-0.7267064,0.20533477,-0.6202653,-0.69599926,-0.8528488,-0.10994527,0.27259305,-1.0270404,-0.4834043,-0.94186544,0.12916751,-0.34734225,-0.08707645,-0.556325,-0.35232684,-0.8518566
7,-0.26230446,0.077103525,0.3199595,-0.4429541,0.48993444,0.8077663,-0.5107939,0.8558668,0.68980694,-0.100790046,0.22006986,-0.71761304,-0.38278574,-0.084348194,-0.18486735,0.12700833
8,-1.0053475,-0.98080426,-1.4158401,-1.6449188,-1.3972205,-0.5846237,-1.3501371,-0.009252703,-1.1777538,-0.94186544,-1.2949692,-1.64329,-1.6839066,-1.3654281,-1.2901,-0.8518566
9,-0.47902533,-0.019069912,-0.113990396,0.44270408,0.19960292,-0.80614024,0.5523741,-0.5690359,-0.43551815,-0.82717335,0.52307767,-0.16220687,-0.02793459,-0.11806082,1.288776,-0.36242414
10,-0.69574624,-0.30759022,-0.72875273,-0.18990889,-1.2883462,-0.20488095,-1.070356,-0.92526156,-0.6988921,-0.750712,0.09886672,-0.7793248,-0.79677874,-0.5226124,-1.0221647,-1.0400999
11,-0.6028659,-0.72434175,-0.72875273,-1.2653509,-0.56251734,-0.55297846,-0.9024874,-0.009252703,-0.3397458,-0.7889427,0.6442808,-1.1495956,-0.9742043,-0.59003764,-0.5197863,-0.88950527
12,0.10921705,-0.019069912,-0.8010777,0.37944278,-0.30847725,-0.23652618,-0.0071880245,-0.21281023,-0.38763198,-0.100790046,-0.56775045,-0.65590125,0.031207265,-0.4551871,-0.6872458,0.27760294
13,-0.5409456,0.36562383,-0.36712784,0.6957493,-0.56251734,1.4406708,-0.8465312,-0.21281023,-0.4834043,-0.750712,0.85638624,-0.65590125,-0.5010694,-0.25291133,-0.41931063,-0.6259647
14,0.047296792,-0.43582147,-0.15015289,-0.94904447,-0.34476867,-0.07830004,-0.3429253,-0.21281023,0.16305903,0.51090115,-0.29504344,0.14635211,0.85919327,-0.18548608,0.11655971,0.20230563
15,-0.94342726,-0.5961105,-0.9095652,-0.69599926,-0.6351002,0.30144268,-1.1822685,-0.72170407,-0.84255064,-1.133019,-0.59805125,-0.8410366,-0.9742043,-0.89345133,-0.31883493,-1.0777485
16,0.51169866,0.39768162,0.102984555,1.075317,-0.23589437,0.016635643,0.7761989,1.41565,-0.38763198,0.39620906,0.28067142,0.14635211,-0.1462183,-0.084348194,0.083067805,0.08935968
17,0.14017718,-0.37170583,0.03065957,0.75901055,0.67139167,0.4280236,0.9440676,1.161203,-0.22003037,0.43443978,-0.41624656,-0.47076586,0.031207265,-0.6574629,0.7529057,0.051711027
18,-0.3242247,0.0129879,-0.041665412,0.63248795,-0.23589437,0.04828087,-0.39888152,0.8558668,-0.29185963,-0.40663564,-0.08293796,-0.8410366,-0.1462183,-0.35404924,-0.21835926,-0.40007278
19,-0.13846396,-0.4999371,0.21147203,-0.00012500516,2.3045065,-0.6479141,0.32854924,0.95764554,-0.24397345,0.39620906,-0.2041411,0.8868937,0.8000514,-0.05063556,0.8868733,0.69173807
20,-0.63382596,-0.5961105,-0.9818902,0.63248795,-0.59880877,-0.7428498,-0.4548377,-0.314589,-0.9143799,-0.48309705,-0.6889536,0.8251819,0.09034912,-0.9945892,-0.5532782,-0.47537008
21,0.14017718,0.04504571,0.102984555,0.9487945,-0.38106012,0.36473313,0.83215517,0.04163668,-0.5552336,-0.9036348,0.4624761,-0.16220687,-0.02793459,-0.21919872,0.81988955,-0.6636133
22,-0.4171051,0.46179727,0.06682206,0.44270408,-0.453643,0.14321655,-0.06314424,-0.36547837,0.043343596,-0.86540407,1.1290933,-0.34734225,-0.1462183,0.353916,-0.18486735,-0.7389107
23,-0.7267064,-0.43582147,-0.5117778,2.593588,-0.41735157,-0.33146185,0.27259305,0.7031986,-0.7228352,-0.750712,-0.08293796,-0.22391866,-0.1462183,-0.6574629,0.28401917,-0.7389107
24,-0.35518485,-0.5640527,0.06682206,-0.063386306,-0.01814572,-0.55297846,0.1047244,0.49964112,-0.38763198,-0.21548215,0.03826516,-0.16220687,0.7409095,0.4550539,-0.5532782,-0.28712684
25,0.97610056,0.5579707,2.2365716,0.44270408,1.1794719,0.5862497,2.2310605,1.3138711,2.5813107,2.193052,1.310898,2.059418,1.6280373,1.8709843,1.322268,1.8211976
26,-0.20038421,-0.46787927,-0.47561532,0.75901055,0.05443716,-0.2681714,0.72024274,-0.26369962,-0.19608727,0.20505556,-0.77985597,0.14635211,-0.08707645,-0.11806082,-0.11788357,0.051711027
27,-0.0146234585,0.5259129,-0.36712784,-0.00012500516,0.0907286,-0.489688,-0.2869691,-0.8743722,-0.10031492,-0.25371286,-0.113238744,-0.038783275,-0.20536016,-0.21919872,0.35100296,-0.36242414
28,-0.26230446,0.7503176,-0.5841028,0.25292018,-0.41735157,0.6495402,0.38450545,1.5683181,-0.3397458,-0.024328642,0.09886672,-0.038783275,0.031207265,-0.25291133,-0.15137546,-0.13653223
29,0.20209743,0.36562383,0.6092594,1.5181462,-0.59880877,0.90270203,1.1119362,1.822765,0.68980694,0.24328627,0.88668704,0.3314875,0.3860584,0.85960543,-0.5197863,0.5411435
30,-0.7267064,-0.40376365,0.28379703,0.63248795,-0.9254317,-0.7112046,0.72024274,0.2451942,-0.3397458,-0.52132773,-0.62835205,0.14635211,-0.20536016,0.42134127,-0.7542296,-0.5130187
31,-0.0146234585,-0.5961105,-0.5117778,-0.632738,-1.034306,-0.29981664,0.04876819,-0.009252703,-0.84255064,-0.40663564,-0.65865284,-0.8410366,-0.5010694,-0.4214745,-0.8881972,-0.5506674
32,0.9451404,0.94266444,1.0432093,0.75901055,1.034306,0.17486177,0.88811135,0.49964112,0.5940346,0.35797837,0.6442808,0.022928523,0.031207265,1.3990076,1.0543327,0.72938675
33,0.07825692,0.04504571,0.42844698,0.31618148,0.48993444,1.5356065,0.38450545,-0.26369962,-0.07637184,0.51090115,-0.17384031,-0.28563046,0.09034912,-0.05063556,0.1500516,0.42819753
34,0.7903398,0.077103525,1.0432093,-0.5062154,0.30847725,-0.3631071,0.88811135,-0.060142085,0.35460374,0.052132763,-0.26474264,0.5166229,1.0957607,1.0955938,0.9538571,-0.43772143
35,-0.47902533,-0.5961105,-0.40329033,-0.063386306,-0.7076831,-0.6479141,0.38450545,-0.314589,-0.5552336,-0.6360199,-0.53744966,0.022928523,-0.38278574,-0.25291133,-0.41931063,-0.17418088
36,-0.23134434,-0.46787927,0.06682206,-0.18990889,-0.19960292,-0.2681714,0.1047244,0.19430482,-0.3636889,-0.25371286,-0.47684813,0.4549111,0.09034912,0.18535285,-0.21835926,0.12700833
37,-1.1911082,-1.0449198,-1.4158401,-0.7592606,-1.5423862,-1.185883,-1.7418306,-0.41636774,-1.22564,-1.6300181,-1.32527,-1.4581546,-1.506481,-1.2642902,-1.256608,-1.5295323
38,-0.94342726,1.2632425,-0.9818902,-0.2531702,-0.6351002,0.016635643,-1.2382247,-0.67081463,-1.0101522,-1.2859418,0.88668704,-0.5324777,-0.79677874,-0.9608766,-0.21835926,-1.454235
39,1.5024227,0.5259129,0.3199595,-0.3164315,0.56251734,-0.046654813,-0.56675017,-1.2814872,0.6658639,0.31974766,0.06856594,0.14635211,-0.26450202,0.18535285,0.083067805,-0.13653223
40,0.35689804,0.49385506,0.8985594,0.44270408,0.453643,0.016635643,1.6714983,-0.36547837,0.33066064,0.7402854,0.1594683,0.9486055,1.0957607,-0.15177345,0.18354349,1.1058732
41,0.047296792,0.9106066,1.2240218,1.2018397,-0.52622586,1.2824447,0.9440676,0.44875172,0.5461484,1.8872064,2.1593199,0.14635211,0.97747695,0.75846756,-0.25185114,1.3317652
42,1.1618613,1.4876472,1.0793718,1.265101,2.0504663,1.2507995,1.1678925,1.1103137,2.9644,1.3519766,1.1896949,1.0720291,1.3323281,2.9835012,0.9538571,1.030576
43,-0.10750384,-0.14730115,-1.0542152,-0.56947666,-0.12702005,-0.9643664,-0.5107939,-1.3323766,-0.79466444,-0.52132773,-0.77985597,-0.96446025,-0.9150624,-0.7923134,0.35100296,-0.8518566
44,-0.881507,-0.8846308,-1.1265402,-0.56947666,-1.1068889,-0.9960116,-1.6299182,-1.3323766,-1.0819815,-1.515326,-1.2646685,-1.026172,-1.506481,-1.2305776,-0.8881972,-1.454235
45,-0.44806522,0.42973945,0.28379703,0.44270408,-0.05443716,0.30144268,0.32854924,0.754088,0.6179777,0.090363465,0.6745816,-0.16220687,-0.32364386,0.6573297,0.58544624,-0.09888358
46,-0.47902533,-0.5319949,-0.22247787,0.88553315,-0.7439745,-0.2681714,0.5523741,-0.009252703,-0.57917666,-0.750712,-0.23444188,0.3314875,-0.08707645,0.11792759,-0.7542296,-0.7389107
47,-0.5409456,-0.6922839,-1.0180527,0.6957493,0.34476867,-0.6479141,-0.62270635,0.65230924,-0.93832296,-0.71248126,-0.65865284,-0.59418947,-0.9742043,-0.6911755,-0.7877215,-0.40007278
48,-0.20038421,0.23739257,0.356122,0.6957493,0.16331148,0.33308792,1.05598,-0.16192085,-0.62706286,0.20505556,1.2502965,0.6400465,0.6817677,0.5224792,0.987349,-0.21182953
49,-0.9124671,-0.30759022,-0.8372402,0.063136294,-0.12702005,-0.17323571,-0.95844364,0.44875172,-0.7228352,-0.59778917,-0.77985597,-0.28563046,-0.6193532,-0.8597387,-0.31883493,-0.8518566
50,-0.0146234585,-0.019069912,0.356122,0.63248795,-0.30847725,0.11157133,0.21663682,-0.314589,-0.29185963,0.20505556,0.1594683,-0.16220687,-0.678495,0.5561918,-0.5532782,0.014062377
51,-0.44806522,-0.37170583,-0.47561532,0.88553315,-0.0907286,-0.7112046,-0.0071880245,0.8049774,-0.29185963,-0.13902074,-0.29504344,-0.28563046,-0.38278574,-0.4214745,-0.31883493,-0.5130187
52,1.7191436,0.077103525,1.0070468,0.44270408,-0.16331148,0.17486177,1.8393672,-0.111031465,0.23488829,0.5873626,0.55337846,0.022928523,1.0366188,0.85960543,1.0543327,0.014062377
53,2.4312265,0.14121914,2.4535463,-1.3286122,1.4335119,0.11157133,2.063192,-0.009252703,1.1686686,0.93143886,1.2502965,2.059418,2.0420303,2.2081106,2.0925815,0.91763
54,-0.4171051,1.199127,1.0432093,-0.00012500516,0.8165574,0.14321655,-0.2869691,0.5505305,0.9052947,0.28151697,1.1290933,-0.10049507,0.32691655,0.75846756,0.61893815,-0.17418088
55,0.32593793,0.8785488,0.8623969,-0.82252187,0.38106012,0.39637837,0.6083303,-0.72170407,0.73769313,0.5873626,0.6745816,1.7508588,1.39147,0.5561918,0.987349,0.57879215
56,-0.75766647,-0.17935897,-0.29480284,-0.1266476,-0.56251734,0.17486177,-0.4548377,-0.72170407,-0.6988921,-0.7889427,-0.08293796,-0.9027484,-1.092488,-0.556325,-0.45280254,-0.7765593
57,-0.69574624,-0.7884574,-1.2350277,-0.3796928,-0.01814572,-0.67955935,-1.1263123,-0.97615093,-0.79466444,-1.0947883,-0.59805125,-1.2113074,-1.4473392,-1.196865,-0.5532782,-1.1153972
58,-1.0982279,-0.98080426,-1.0903777,-1.6449188,-1.4698033,-1.0593021,-1.5180057,-1.4850447,-1.1777538,-1.4006339,-1.1737661,-1.1495956,-1.3881973,-1.0957271,-1.2901,-1.1530458
59,-0.881507,-0.5319949,-0.72875273,-0.69599926,-0.8891403,-0.20488095,-0.11910045,-0.46725714,-0.7707214,-0.52132773,-0.5071489,-0.7793248,-0.38278574,-0.6574629,-0.5867701,-0.7765593
60,-0.75766647,0.46179727,-0.7649152,-0.7592606,-0.8528488,-0.55297846,-0.95844364,-0.8743722,-0.19608727,-0.82717335,3.128945,-1.0878838,-1.3290554,-0.7586008,2.7624197,-0.8518566
61,1.316662,-0.33964804,0.03065957,-1.0123057,0.6351002,-0.61626893,0.6083303,-1.0779297,0.7616362,0.39620906,-0.56775045,0.9486055,0.50434214,0.38762861,-0.48629442,0.9929273
62,-0.0146234585,0.23739257,0.8623969,-1.8347026,0.8891403,0.11157133,-0.62270635,-1.2305979,1.6714734,-0.52132773,0.61398,0.5166229,-0.6193532,1.0955938,0.5519543,-0.5130187
63,0.14017718,-0.051127724,1.1516968,-0.3796928,0.12702005,-0.20488095,-0.62270635,-0.92526156,1.0968394,-0.024328642,0.09886672,-0.40905407,-0.32364386,0.8258928,-0.21835926,-0.023586275
64,-0.045583583,0.077103525,0.9347219,0.25292018,1.1068889,-0.489688,-0.62270635,-0.5181465,0.47431916,-0.52132773,-0.08293796,-0.16220687,-0.08707645,0.5899044,1.0878247,-0.061234925
65,-1.0363076,-0.9166886,-0.6202653,-1.3918736,-1.360929,-0.39475232,-1.4060934,-1.5359341,-0.6988921,-0.71248126,-0.44654733,-1.334731,-1.3290554,-0.38776186,-1.256608,-0.96480256
66,-0.7886266,-0.7563996,-0.5117778,-0.5062154,-0.9617232,-0.67955935,-0.9024874,-0.46725714,-0.6988921,-0.86540407,-0.8404575,-0.47076586,-0.38278574,-0.48889974,-0.7877215,-0.3247755
67,-1.0982279,-0.72434175,-0.8372402,-1.2653509,-1.3972205,-0.42639753,-0.95844364,-1.4341553,-0.8664937,-1.133019,-0.022336401,-0.65590125,-0.678495,-0.7923134,-1.1226405,-1.2283431
68,-0.75766647,-0.33964804,0.3199595,-0.94904447,-0.38106012,1.8204136,-1.1822685,-0.26369962,-0.19608727,-0.29194355,0.09886672,-0.5324777,-0.5010694,0.38762861,-0.7207377,-0.43772143
69,-0.045583583,-0.5319949,-0.8372402,0.25292018,0.0907286,-1.0909473,-0.3429253,-0.5181465,-0.962266,-0.67425054,-1.0828638,-0.22391866,-0.20536016,-0.89345133,0.1500516,-0.701262
70,-1.0672678,-0.9166886,-1.2711902,-1.2653509,-0.9617232,-1.1542377,-1.2382247,-1.5868235,-1.1777538,-1.0947883,-1.1737661,-1.5198663,-1.3290554,-1.2642902,-1.1896242,-1.0400999
71,-0.26230446,1.1029534,0.17530954,-0.94904447,-0.16331148,-0.015009585,-0.56675017,-0.67081463,0.043343596,-0.25371286,0.43217534,-0.16220687,-0.6193532,-0.016922932,0.1500516,-0.023586275
72,-0.47902533,-0.08318553,0.102984555,-0.3164315,-0.67139167,0.14321655,-0.23101288,-0.8743722,-0.07637184,0.31974766,0.4927769,0.08464032,-0.1462183,0.21906547,-0.01740788,0.051711027
73,-0.63382596,-0.7563996,-0.07782791,-1.3286122,-1.0705975,0.4280236,-0.2869691,-0.97615093,-0.41157505,-0.100790046,-0.022336401,-0.038783275,-0.32364386,0.084214956,-0.82121336,-0.09888358
74,-0.69574624,-0.33964804,-0.9818902,-0.69599926,-0.59880877,-0.7428498,-0.4548377,-0.97615093,-0.79466444,-0.82717335,-0.2041411,-0.28563046,-0.44192758,-0.62375027,-0.8547053,-0.6636133
75,-0.7886266,-0.8846308,-0.72875273,-1.7714413,-1.360929,-0.3631071,-1.6858743,-1.4341553,-0.84255064,-1.3624032,-0.59805125,-1.2730192,-1.2699136,-0.72488815,-0.9216891,-1.2659918
76,0.6664993,1.6158785,1.9472716,1.265101,1.3972205,3.3077395,1.4476736,1.3647606,1.3841565,2.307744,2.007816,2.9850948,2.219456,1.5338581,2.293533,2.6118195
77,1.347622,0.7823754,1.1155343,0.63248795,0.41735157,0.5862497,2.4548855,0.34697297,1.1926118,1.5813608,0.91698784,1.4422998,1.5688956,1.0955938,0.58544624,1.2188193
78,-0.881507,0.14121914,-0.6202653,-0.00012500516,0.05443716,0.016635643,-0.7346188,-0.26369962,-0.74677825,-0.71248126,-0.355645,-0.5324777,0.031207265,-0.62375027,-0.45280254,-0.47537008
79,-0.38614497,-0.21141678,-0.8010777,0.8222719,-0.0907286,0.04828087,0.1047244,-0.314589,-0.57917666,-0.25371286,-0.9313598,0.70175827,-0.5010694,-0.7923134,-0.08439167,-0.24947818
80,-0.0146234585,0.0129879,-0.29480284,-0.7592606,-0.8165574,0.90270203,0.83215517,-0.8234828,-0.5312905,1.0843617,0.007964381,0.08464032,0.14949098,-0.25291133,-0.5197863,-0.21182953
81,1.347622,3.4752314,1.8749466,-0.18990889,1.1068889,1.0609281,0.04876819,-0.8234828,4.041839,-0.100790046,1.2805972,-0.28563046,-0.44192758,2.4778116,3.4992414,0.08935968
82,0.57361895,0.10916133,0.3199595,0.50596535,0.8528488,-0.29981664,0.32854924,-0.92526156,0.5700915,0.8932082,-0.355645,0.022928523,0.031207265,0.32020336,-0.11788357,0.08935968
83,-0.20038421,-0.37170583,0.06682206,0.1263976,-1.1068889,-0.6479141,-0.17505667,0.34697297,0.067286685,-0.25371286,-0.17384031,-0.28563046,-0.38278574,0.2527781,-0.31883493,-0.43772143
84,-0.44806522,-0.08318553,0.13914704,-1.075567,0.41735157,-0.39475232,-1.1263123,-1.2814872,-0.24397345,-0.98009616,-0.44654733,-0.22391866,-0.08707645,0.016789699,0.5184625,-0.7389107
85,-0.69574624,-0.21141678,-0.8734027,-0.00012500516,-0.30847725,-0.046654813,-1.1263123,-0.77259344,-0.7707214,-0.67425054,-0.38594577,-0.96446025,-1.092488,-0.6911755,0.11655971,-0.701262
86,-0.94342726,-0.37170583,-0.6564278,-0.632738,-0.9254317,-0.20488095,0.1047244,-1.1288191,-0.6988921,-0.71248126,0.37157375,-0.8410366,-0.6193532,-0.6574629,-0.8881972,-0.814208
87,-0.4171051,-0.21141678,-0.40329033,-0.5062154,-0.2721858,-0.7428498,0.21663682,-1.1797085,-0.5312905,-0.36840495,-0.38594577,-0.16220687,0.2677747,-0.62375027,-0.620262,-0.43772143
88,0.14017718,-0.08318553,0.6815844,-1.5183961,0.6351002,-0.55297846,-0.3429253,-1.2814872,0.5461484,0.090363465,-0.26474264,-0.65590125,-0.38278574,0.5561918,0.78639764,0.27760294
89,0.14017718,-0.24347459,0.8985594,-1.2020897,0.67139167,-0.10994527,-0.56675017,-1.0779297,0.8574085,0.052132763,-0.2041411,-0.22391866,-0.1462183,1.0955938,1.0878247,0.23995428
90,0.07825692,0.6220863,0.8623969,0.1896589,1.6512605,0.83941156,0.7761989,0.39786234,0.3785468,0.28151697,0.43217534,-0.038783275,0.3860584,1.264157,0.7194138,0.87998134
91,1.564343,2.5776126,0.8623969,-1.0123057,1.2520547,0.14321655,0.7761989,-1.3323766,2.3179367,-0.024328642,0.85638624,-0.65590125,-0.9150624,1.0281686,2.2265494,-0.023586275
92,0.7593797,0.6541441,1.1155343,-1.5816574,-0.01814572,0.04828087,-0.4548377,-1.0779297,0.25883138,0.31974766,0.22006986,-0.038783275,1.2140443,1.0618812,0.5184625,0.69173807
93,-0.7267064,0.14121914,-0.18631539,-0.2531702,-0.2721858,-0.8377855,-0.2869691,-0.5690359,0.13911594,-0.59778917,-0.17384031,-0.40905407,-0.1462183,-0.11806082,0.9203652,-0.13653223
94,-0.47902533,-0.2755324,-0.07782791,-0.18990889,0.16331148,-0.2681714,-0.11910045,-0.111031465,-0.1482011,0.090363465,-0.47684813,0.5783347,-0.44192758,-0.05063556,-0.18486735,0.39054888
95,-0.23134434,0.10916133,-0.18631539,-0.00012500516,0.7076831,0.23815224,-0.5107939,-0.61992526,-0.10031492,-0.40663564,0.61398,-0.59418947,-0.5602113,-0.59003764,0.016084015,-0.43772143
96,-0.3242247,0.10916133,0.46460947,-1.8347026,-0.453643,-0.07830004,-0.9024874,-1.0779297,1.1207825,-0.40663564,-0.052637182,-0.8410366,-0.9150624,0.353916,0.016084015,-0.701262
97,-0.69574624,0.6220863,-0.47561532,2.9098947,-0.6351002,1.1558639,-0.4548377,2.382548,-0.45946124,-0.48309705,1.2805972,0.70175827,-0.02793459,-0.25291133,-0.15137546,-0.6259647
98,-0.81958675,-0.4999371,-0.69259024,0.9487945,-0.67139167,-1.0909473,-0.8465312,1.41565,-0.6988921,-1.1712496,-1.1131645,-0.7793248,-0.5602113,-0.8597387,-0.8881972,-0.88950527
99,0.35689804,0.3015082,0.8985594,-0.18990889,0.52622586,-0.10994527,-0.06314424,-0.060142085,0.6179777,0.9696696,-0.052637182,1.0720291,1.3323281,0.9270307,0.28401917,0.9929273
100,-0.6647861,0.10916133,0.6092594,-0.8857832,-0.52622586,-0.20488095,-0.11910045,-0.61992526,-0.26791653,0.39620906,0.12916751,-0.28563046,0.20863283,0.32020336,-0.7542296,-0.061234925
101,-0.0146234585,0.5259129,0.24763452,-1.075567,-0.34476867,0.36473313,-0.4548377,-0.314589,0.23488829,0.12859416,0.4624761,0.14635211,0.97747695,1.0618812,0.5184625,0.051711027
102,-1.0982279,-0.8846308,-1.2350277,-1.1388284,-1.2157632,-1.0593021,-1.6299182,-0.61992526,-1.1059246,-1.3241725,-1.1434653,-1.5815783,-1.2699136,-1.2305776,-1.1226405,-1.3036404
103,-0.881507,-0.98080426,-0.69259024,-1.5183961,-1.0705975,-0.77449507,-0.62270635,-1.4341553,-0.8664937,-0.6360199,-0.8101567,-0.34734225,-0.5602113,-0.826026,-0.9216891,-0.47537008
104,1.2237816,-0.24347459,0.6454219,0.1263976,0.16331148,-0.29981664,1.4476736,0.7031986,0.7616362,0.35797837,-0.3253442,1.6274352,1.6280373,1.0618812,0.2170354,1.1811706
105,1.2237816,0.36562383,2.5258713,-0.2531702,0.2721858,0.74447584,0.5523741,-0.111031465,1.6714734,0.8932082,0.58367926,0.26977572,0.50434214,2.07326,0.28401917,0.8423327
106,1.316662,1.9685144,2.5258713,0.5692267,1.3972205,0.9976377,2.4548855,1.8736544,3.3474896,1.9636679,1.310898,3.84906,4.230279,2.342961,0.61893815,1.5200084
107,2.2764258,0.97472227,1.9111091,4.491427,-0.12702005,0.36473313,2.566798,4.0110083,3.3714325,2.307744,-0.26474264,2.306265,2.574307,2.174398,0.81988955,2.1600354
108,-1.1601481,-0.852573,-1.0542152,-0.94904447,-1.3246375,-0.8694307,-1.4620496,-1.1288191,-1.1059246,-1.3241725,-1.2040669,-1.334731,-1.1516298,-0.9945892,-1.256608,-1.2659918
109,-0.97438735,-0.9166886,-0.6202653,-0.82252187,-1.0705975,-0.2681714,-1.4620496,-0.009252703,-1.0101522,-1.2094804,-0.77985597,-0.7793248,-0.79677874,-0.28662398,-1.1226405,-1.454235
110,0.10921705,0.3015082,0.8985594,-0.82252187,-0.453643,0.11157133,-0.23101288,-0.060142085,0.71375,0.93143886,0.58367926,0.3931993,0.14949098,1.6012833,-0.5532782,-0.023586275
111,-0.7886266,-0.5319949,-0.8010777,-0.1266476,-0.7439745,-0.10994527,-0.06314424,-0.314589,-0.674949,-0.67425054,-0.59805125,-0.65590125,-0.1462183,-0.826026,-0.7207377,-0.6636133
112,-0.50998545,-0.40376365,0.17530954,2.5303268,0.12702005,0.90270203,0.32854924,1.6192075,0.13911594,-0.48309705,0.22006986,1.380588,0.8000514,-0.18548608,0.31751108,-0.7765593
113,1.0689809,-0.37170583,0.356122,0.5692267,1.2520547,-0.2681714,0.7761989,0.7031986,0.33066064,-0.062559344,-0.8404575,1.3188763,0.44520026,0.084214956,1.1548085,0.5411435
114,0.4188183,0.333566,0.24763452,0.31618148,1.4335119,0.20650701,1.05598,-0.72170407,-0.0045425775,0.7785161,0.007964381,-0.038783275,-0.32364386,0.18535285,0.38449487,0.5411435
115,-1.1601481,-0.98080426,-1.3796777,-1.8979639,-0.8165574,-1.0909473,-1.573962,-1.2305979,-1.2016969,-1.5535567,-1.2343676,-1.64329,-1.6839066,-1.3991407,-0.7207377,-1.567181
116,0.23305754,-0.115243345,-0.15015289,0.6957493,1.2883462,-0.55297846,0.88811135,-0.26369962,0.5461484,0.8549775,-0.44654733,1.2571645,1.1549026,-0.21919872,0.2170354,0.80468404
117,-0.13846396,-0.37170583,-0.7649152,-0.8857832,0.0907286,-0.5846237,0.38450545,-1.6886023,-0.41157505,0.31974766,-0.6889536,-0.10049507,-0.08707645,-0.62375027,-0.31883493,-0.13653223
118,0.9451404,0.71825975,1.0432093,0.75901055,0.59880877,1.0925734,0.5523741,0.34697297,2.0066767,1.5813608,1.0684917,1.4422998,0.85919327,1.2978697,1.1213166,1.2564678
119,-0.4171051,-0.46787927,-1.2350277,-1.1388284,-0.59880877,-0.9327212,-0.6786626,0.04163668,-0.84255064,-0.750712,-1.2646685,-0.40905407,-0.32364386,-1.2642902,-1.2231162,-0.9271539
120,0.5426588,0.077103525,-0.005502922,-0.2531702,0.01814572,0.55460453,1.7274545,-0.5181465,0.30671754,0.8167468,0.6442808,1.1337409,0.56348395,0.42134127,0.049575914,0.42819753
121,-0.16942409,0.9106066,-0.72875273,0.88553315,0.453643,1.1242186,-0.56675017,0.19430482,-0.5073474,-0.36840495,0.55337846,-0.71761304,-0.85592055,-0.6911755,1.5232193,-0.28712684
122,0.72841954,0.3015082,1.0432093,0.44270408,0.2721858,0.33308792,-0.0071880245,0.44875172,0.92923784,0.12859416,0.43217534,0.022928523,0.50434214,0.89331806,-0.15137546,0.3152516
123,0.23305754,0.6541441,0.8985594,-0.1266476,0.19960292,0.83941156,1.05598,0.65230924,0.73769313,0.7020547,2.007816,0.14635211,0.20863283,0.32020336,0.58544624,1.3694139
124,-0.045583583,0.36562383,1.1155343,-0.3796928,0.19960292,-0.20488095,0.66428655,0.14341544,0.5940346,0.12859416,0.18976907,1.4422998,0.6817677,0.9270307,-0.11788357,0.12700833
125,-0.57190573,0.20533477,0.50077194,-1.2653509,-0.05443716,1.3457352,-0.6786626,-1.0270404,0.92923784,-0.44486636,0.22006986,-0.5324777,-0.44192758,0.62361705,-0.48629442,-0.7389107
126,2.369306,0.7823754,0.7539094,0.63248795,1.5423862,1.8520588,1.7274545,2.484327,0.45037606,2.690051,1.4018003,1.1337409,1.7463211,1.0618812,0.41798678,2.3482788
127,-0.38614497,-0.33964804,-0.69259024,1.2018397,0.05443716,-0.7112046,-0.62270635,0.7031986,-0.8186075,-0.21548215,-0.9616606,-0.5324777,-0.73763686,-0.8597387,-0.18486735,-0.588316
128,-0.7267064,-0.46787927,-0.9818902,-0.1266476,0.30847725,-1.0276569,-0.6786626,-0.36547837,-0.84255064,-0.44486636,-1.1737661,-0.9027484,-0.38278574,-0.9945892,-0.35232684,-0.13653223
129,1.0380208,-0.17935897,1.5494843,-0.5062154,0.56251734,-0.10994527,-0.0071880245,-1.1797085,0.49826226,0.20505556,0.7957847,1.0720291,1.0366188,1.1293064,0.61893815,0.50349486
130,-1.0053475,-0.72434175,-1.1988652,-0.69599926,0.05443716,-0.8694307,-1.5180057,0.19430482,-1.0819815,-0.44486636,-1.2343676,-0.71761304,-1.092488,-1.2642902,-0.5197863,-1.0024512
131,-1.0982279,-1.0128621,-1.4520026,-1.1388284,-1.2883462,-0.5846237,-1.6858743,-0.8743722,-1.1538107,-1.4770952,-0.9616606,-1.7667136,-1.6839066,-1.3654281,-1.0891485,-1.4918836
132,-1.0363076,-0.62816834,-0.8734027,-0.5062154,-0.2721858,-0.55297846,-0.8465312,-1.1797085,-0.8664937,-0.71248126,0.1594683,-0.96446025,-1.1516298,-0.9608766,-0.9216891,-1.1530458
133,0.016336668,-0.14730115,1.0070468,-0.69599926,-0.48993444,-0.046654813,-0.2869691,-0.36547837,0.8095224,0.47267047,0.09886672,-0.34734225,-0.44192758,0.9270307,-0.25185114,0.014062377
134,2.9885087,0.3015082,0.6454219,1.6446687,0.9254317,-0.33146185,1.3917173,0.5505305,0.426433,1.0843617,-0.23444188,1.380588,0.8000514,0.96074337,0.2170354,1.0682245
135,1.0689809,0.5259129,2.345059,-0.3796928,1.2520547,1.1875091,0.32854924,0.29608357,2.3418798,0.8932082,0.94728863,1.0103173,1.7463211,1.8372717,1.4897274,1.3317652
136,-0.3242247,-0.5640527,-0.40329033,-1.2653509,0.19960292,-0.17323571,-0.62270635,-0.111031465,-0.26791653,-0.062559344,-0.23444188,-0.28563046,-0.08707645,-0.084348194,-0.21835926,-0.13653223
137,0.5426588,0.14121914,2.3812213,-0.69599926,-0.16331148,0.39637837,1.1678925,-0.009252703,0.8095224,1.1990538,1.3411988,1.8742825,1.4506118,1.9721222,0.35100296,0.80468404
138,-0.045583583,-0.5319949,0.46460947,-0.69599926,-0.7076831,0.11157133,-0.17505667,-0.46725714,-0.0045425775,0.43443978,0.03826516,0.7634701,-0.1462183,0.4550539,-0.28534305,0.014062377
139,1.1618613,0.8785488,0.24763452,-0.00012500516,1.2520547,-0.42639753,1.3357611,0.092526056,1.0250101,-0.062559344,0.18976907,1.4422998,0.9183351,0.5561918,1.2552842,0.9929273
140,-0.9124671,-0.66022617,-0.43945283,-0.4429541,-0.34476867,-0.2681714,-0.23101288,0.44875172,-0.62706286,-0.67425054,-0.53744966,-0.8410366,-0.6193532,-0.4551871,-0.9216891,-1.0024512
141,4.2269135,-0.14730115,0.8262344,0.31618148,-0.0907286,-0.20488095,4.3573966,-0.46725714,0.52220535,1.3137459,-0.23444188,0.4549111,0.8000514,0.89331806,0.016084015,2.2729814
142,0.1711373,-0.2755324,-0.005502922,-0.56947666,-0.34476867,1.4090257,0.6083303,0.44875172,0.115172856,0.66382396,1.3411988,1.1954527,1.6871792,0.016789699,-0.28534305,0.20230563
143,-0.94342726,1.1350113,-0.5479403,2.0874977,0.23589437,0.55460453,-0.17505667,0.04163668,-0.3636889,-0.48309705,0.34127298,-0.59418947,-0.26450202,-0.4551871,0.78639764,-0.47537008
144,0.1711373,-0.33964804,0.28379703,0.1263976,0.41735157,0.016635643,0.21663682,-0.77259344,-0.29185963,0.5491319,0.61398,0.08464032,0.09034912,0.05050233,-0.21835926,0.69173807
145,-0.6028659,-0.4999371,-0.47561532,-0.063386306,-0.6351002,-0.39475232,-0.6786626,-0.5690359,-0.5312905,-0.750712,-0.23444188,0.022928523,-0.32364386,-0.6574629,-0.01740788,-0.9271539
146,-1.0363076,-0.5640527,-1.3435152,-0.00012500516,-0.6351002,-0.61626893,-1.5180057,-1.0779297,-1.0580384,-1.515326,-1.0222622,-1.5815783,-1.5656228,-1.2980028,-0.95518094,-1.454235
147,1.4405024,0.7823754,0.8985594,0.6957493,0.56251734,0.61789495,0.72024274,0.04163668,1.4559858,1.1608231,0.37157375,0.8251819,1.7463211,0.96074337,1.0543327,1.030576
148,-0.26230446,-0.7884574,-1.1265402,-0.8857832,-0.8891403,-0.9327212,-0.5107939,-0.009252703,-1.0580384,-0.71248126,-1.2949692,-0.40905407,-0.5602113,-1.0957271,-0.9216891,-0.47537008
149,1.9668247,0.5259129,1.6941342,-0.00012500516,1.687552,-0.046654813,0.88811135,0.29608357,0.115172856,1.0843617,-0.14353953,0.70175827,0.50434214,1.0281686,0.78639764,1.0682245
150,0.38785818,0.04504571,0.6815844,0.1263976,-0.30847725,-0.14159049,-0.39888152,-0.21281023,0.47431916,0.5491319,0.09886672,0.7634701,0.56348395,1.1293064,-0.48629442,0.46584618
151,0.1711373,2.0967455,0.50077194,-0.7592606,0.12702005,0.6811854,-0.06314424,-0.8234828,0.6658639,1.0079002,1.5230035,0.6400465,-0.20536016,0.6573297,0.1500516,0.57879215
152,0.7593797,-0.37170583,0.6454219,0.6957493,-0.6351002,-0.489688,1.3917173,0.19430482,-0.10031492,0.7402854,-0.47684813,1.689147,1.2731862,0.5899044,-0.11788357,1.1811706
153,-0.2932646,-0.5319949,-0.15015289,-0.69599926,-0.8528488,-0.3631071,0.1047244,-0.26369962,-0.57917666,0.43443978,-0.59805125,-0.16220687,0.6817677,-0.18548608,-0.6872458,0.7670354
154,0.047296792,1.6158785,1.0793718,0.44270408,0.12702005,0.36473313,0.1047244,0.14341544,1.1926118,0.7402854,0.7654839,1.9359943,0.8000514,0.4550539,0.049575914,1.2564678
155,-0.6028659,-0.21141678,-0.36712784,0.63248795,-0.780266,-0.5213332,-0.23101288,-0.5181465,-0.79466444,-0.17725144,-0.9010591,0.14635211,-0.5602113,-0.59003764,-0.98867285,0.39054888
156,-0.26230446,0.5579707,0.50077194,-0.3796928,0.19960292,-0.17323571,0.7761989,-0.060142085,-0.5073474,1.3519766,0.06856594,0.9486055,0.3860584,0.18535285,-0.5197863,1.4447111
157,-0.26230446,-0.46787927,-0.5841028,-0.3796928,-0.7076831,-0.8377855,-1.2382247,-0.5181465,-0.45946124,-0.52132773,-0.56775045,-0.8410366,-1.1516298,-0.6911755,-0.95518094,-0.21182953
158,-1.129188,-0.6922839,-1.2711902,-0.18990889,-1.2883462,-0.90107596,-0.95844364,-0.41636774,-1.1777538,-1.2094804,-1.2949692,-0.34734225,-0.73763686,-1.2305776,-1.0221647,-1.2283431
159,0.4188183,1.1029534,1.7664592,-0.82252187,-0.0907286,0.04828087,-0.06314424,-0.77259344,0.9052947,0.35797837,0.6745816,-0.10049507,0.3860584,1.0281686,0.987349,0.6164408
160,-0.75766647,-0.6922839,-0.5479403,0.25292018,-0.67139167,-0.67955935,-0.3429253,0.44875172,-0.5552336,-0.59778917,-0.8404575,-0.34734225,-0.26450202,-0.7923134,-0.7542296,-0.8518566
161,0.7593797,-0.115243345,0.6815844,-0.1266476,0.01814572,0.36473313,0.44046167,0.44875172,0.4024899,0.9696696,0.1594683,0.4549111,0.3860584,0.5224792,0.31751108,-0.023586275
162,-0.44806522,-0.21141678,0.3199595,-1.0123057,-0.23589437,-0.33146185,-0.62270635,-0.67081463,-0.0045425775,0.20505556,0.12916751,-0.40905407,0.14949098,0.4550539,-0.15137546,-0.09888358
163,-0.3242247,0.8785488,0.8985594,-0.00012500516,0.8528488,1.1875091,0.88811135,0.60141987,2.2461076,1.4666687,1.3411988,1.4422998,1.8646048,0.8258928,0.016084015,1.3694139
164,1.347622,0.23739257,1.3686718,1.3283622,1.7601348,1.1558639,1.5595859,0.95764554,1.5038719,1.5813608,-0.14353953,1.9359943,2.8108745,1.7698464,1.5902032,1.2941165
165,-0.57190573,-0.66022617,-0.6202653,2.8466334,-0.780266,-0.17323571,-0.11910045,1.5683181,-0.84255064,-0.40663564,-0.29504344,0.5783347,0.44520026,-1.0620145,-0.5867701,-0.814208
166,0.51169866,-0.852573,-0.8010777,-0.00012500516,0.56251734,-0.9327212,0.38450545,0.29608357,-0.4834043,0.090363465,-1.2646685,-0.59418947,-0.678495,-1.1631523,0.016084015,0.39054888
167,1.6881834,0.04504571,1.7664592,-0.632738,0.41735157,0.016635643,0.5523741,-0.97615093,1.5757011,0.7020547,-0.23444188,-0.28563046,0.8000514,1.9721222,-0.18486735,1.1058732
168,2.4621866,0.46179727,1.1878593,0.25292018,0.9980146,0.04828087,2.063192,0.34697297,1.3602134,1.8872064,0.007964381,1.8125707,0.7409095,0.7921802,0.7529057,1.5200084
169,-0.10750384,-0.115243345,-0.15015289,-0.632738,0.8165574,-0.17323571,0.27259305,-0.5181465,-0.5552336,0.20505556,0.31097218,0.022928523,0.031207265,0.016789699,0.58544624,0.16465698
170,0.14017718,-0.43582147,-0.7649152,-0.3164315,0.41735157,-0.9643664,0.1606806,-0.92526156,-0.3636889,0.12859416,-1.0828638,-0.40905407,0.3860584,-0.5226124,-0.41931063,-0.17418088
171,-0.16942409,0.7823754,-0.22247787,-0.00012500516,-0.16331148,-0.23652618,0.9440676,-0.111031465,-0.028485665,0.7020547,0.6442808,-0.038783275,0.20863283,-0.28662398,-0.25185114,0.08935968
172,-0.16942409,-0.66022617,0.53693444,0.063136294,-0.67139167,-0.8377855,-0.11910045,-0.26369962,-0.028485665,-0.024328642,-0.7192544,-0.34734225,0.14949098,0.5561918,-0.7542296,-0.36242414
173,2.8956282,-0.24347459,1.4409968,-0.4429541,3.683581,-0.17323571,-0.17505667,0.29608357,4.017896,0.6255933,0.28067142,2.923383,3.5205767,1.8372717,4.269555,0.27760294
174,0.69745946,-0.24347459,1.0432093,0.50596535,1.5060948,-0.10994527,0.83215517,0.19430482,1.3123271,1.1990538,0.31097218,1.9977062,1.6280373,1.5675707,1.3892517,0.50349486
175,1.7501037,-0.30759022,1.6941342,0.1263976,0.01814572,-0.45804277,-0.3429253,-0.72170407,2.7489123,1.1990538,-0.44654733,0.3314875,0.8000514,2.5115242,-0.28534305,0.91763
176,3.3600302,-0.17935897,3.6107461,0.44270408,1.4335119,-0.046654813,0.6083303,-1.3323766,3.6348066,1.7725143,0.34127298,1.3188763,0.8000514,3.2869148,0.2505273,1.4447111
177,-0.63382596,-1.0128621,-0.8010777,-2.151009,-0.2721858,-1.185883,-1.7418306,-2.044828,-0.6988921,-1.4388646,-1.3555708,-1.5815783,-1.6839066,-1.1631523,-0.7207377,-1.3789377
178,-0.50998545,0.20533477,-0.113990396,0.75901055,-0.16331148,0.8710568,0.9440676,3.9092295,-0.57917666,0.47267047,0.55337846,-0.40905407,-0.26450202,-0.016922932,0.049575914,0.12700833
179,-1.1911082,-1.0128621,-1.3796777,-1.5816574,-1.5423862,-0.9960116,-1.573962,-1.4850447,-1.1777538,-1.5917873,-1.3555708,-1.5198663,-1.6839066,-1.3654281,-1.3235918,-1.6048297
180,0.6045791,0.2694504,-0.6202653,-0.2531702,-0.6351002,0.61789495,-0.9024874,-0.97615093,-0.26791653,0.01390206,0.94728863,-0.22391866,-0.5602113,-0.48889974,-0.7207377,0.014062377
181,-1.0982279,-0.5319949,-1.0180527,-0.00012500516,-0.8891403,-0.39475232,-1.4620496,-0.77259344,-1.0819815,-1.3241725,-0.9313598,-1.5198663,-1.4473392,-1.1294397,-0.6537539,-1.4165864
182,1.0380208,-0.46787927,0.9347219,1.265101,-0.30847725,-0.5213332,1.7834108,1.822765,0.5700915,1.3519766,-0.77985597,2.9850948,2.6334488,0.28649074,-0.18486735,1.3317652
183,-0.20038421,-0.5640527,-0.72875273,0.31618148,-0.12702005,1.3773804,-0.23101288,0.39786234,-0.84255064,0.20505556,0.09886672,-0.47076586,-0.73763686,-0.5226124,-0.45280254,-0.21182953
184,-0.44806522,1.199127,-0.7649152,1.075317,1.4698033,0.8077663,0.38450545,1.3647606,-0.60311973,-0.48309705,1.7048081,0.3314875,0.32691655,-0.92716396,2.5279763,-0.09888358
185,0.48073855,4.693428,1.3325093,-1.075567,3.3206668,2.4849634,0.66428655,-0.36547837,0.45037606,1.0079002,2.583531,0.5783347,0.09034912,0.62361705,3.7336845,2.0847383
186,-0.7886266,-0.5640527,-0.9818902,0.44270408,-1.1794719,-0.489688,-0.62270635,-0.009252703,-0.7707214,-0.94186544,-0.62835205,-0.8410366,-0.79677874,-0.7923134,-0.7542296,-0.7389107
187,-1.129188,-0.9166886,-1.1265402,-0.8857832,-1.034306,-0.8694307,-1.4060934,-0.41636774,-1.0819815,-0.94186544,-1.1131645,-0.8410366,-0.5010694,-1.0620145,-1.1226405,-0.7765593
188,-1.1911082,-1.0449198,-1.4520026,-2.151009,-1.5423862,-1.0593021,-1.7418306,-2.0957174,-1.22564,-1.7064795,-1.3555708,-1.8284254,-1.8021903,-1.3991407,-1.3235918,-1.6801269
189,-1.0363076,-0.4999371,-0.9818902,-0.632738,-0.8891403,-0.67955935,-1.2941809,-0.314589,-1.1059246,-1.3241725,-0.47684813,-1.7050018,-1.2107717,-0.6911755,-0.6872458,-1.341289
190,0.20209743,0.2694504,-0.113990396,-0.1266476,-0.34476867,-0.015009585,0.88811135,0.5505305,0.16305903,0.51090115,0.12916751,0.5166229,-0.5010694,0.084214956,-0.15137546,0.57879215
191,-0.85054684,0.39768162,-0.8010777,0.1896589,0.2721858,0.14321655,0.04876819,0.14341544,-0.7707214,-0.29194355,-0.5071489,-0.40905407,-0.5010694,-0.6574629,-1.0221647,-0.13653223
192,0.48073855,-0.2755324,-0.005502922,0.063136294,-0.8165574,-0.8694307,0.5523741,-0.5690359,-0.8186075,-0.55955845,-0.355645,0.26977572,0.3860584,-0.11806082,-0.21835926,-0.9271539
193,-0.97438735,-0.7884574,-1.2350277,0.6957493,-1.1431804,0.14321655,-0.9024874,0.29608357,-1.0819815,-1.4770952,-1.052563,-0.9027484,-1.092488,-1.2642902,-1.1226405,-1.2659918
194,-0.81958675,-0.8205152,-0.9095652,-0.5062154,-0.56251734,-0.5213332,-0.5107939,-0.41636774,-0.7228352,-0.86540407,-0.7495552,-1.0878838,-0.9742043,-1.0283018,-1.0221647,-1.0777485
195,-0.23134434,-0.43582147,-0.72875273,-1.8347026,-0.8891403,1.2824447,-0.5107939,-0.5181465,-0.43551815,0.31974766,0.12916751,-0.5324777,-0.6193532,-0.6911755,-1.0891485,-0.24947818
196,0.26401767,0.17327696,1.0070468,-0.4429541,0.67139167,0.26979747,0.5523741,-0.8234828,0.33066064,0.8167468,0.40187454,0.4549111,0.56348395,0.21906547,0.2505273,0.8423327
197,0.6664993,-0.2755324,0.03065957,0.31618148,-0.2721858,-0.14159049,1.1119362,-0.5690359,-0.028485665,0.090363465,0.1594683,-0.16220687,-0.73763686,0.21906547,-0.7542296,0.27760294
198,-0.75766647,-0.2755324,-0.36712784,-1.7714413,-1.0705975,-0.5213332,-1.4060934,-1.0270404,-0.84255064,-0.98009616,-0.3253442,-1.1495956,-1.3881973,-0.92716396,-0.28534305,-1.0777485
199,2.1525853,0.0129879,0.46460947,-0.3796928,-0.30847725,0.079926096,0.04876819,-1.1288191,1.5038719,0.66382396,-0.65865284,0.3314875,-0.1462183,0.85960543,-0.08439167,0.46584618
200,-0.5409456,-0.46787927,-0.5479403,2.4670656,0.05443716,0.45966882,1.0000238,2.3316588,-0.12425801,-0.062559344,-0.14353953,0.14635211,-0.5010694,-0.59003764,0.48497057,0.12700833
201,-1.1601481,-1.0449198,-1.4158401,-1.2653509,-1.4698033,-1.185883,-1.4620496,-1.0270404,-1.2016969,-1.5535567,-1.32527,-1.5815783,-1.5656228,-1.3654281,-1.3235918,-1.454235
202,-0.7267064,-0.8846308,-0.8010777,-0.18990889,-0.52622586,-0.7428498,0.44046167,1.3647606,-0.38763198,-0.71248126,-1.2040669,-0.34734225,-0.6193532,-0.6911755,-0.82121336,-0.28712684
203,-0.63382596,-0.9166886,-0.9457277,1.075317,-0.41735157,-0.489688,-0.2869691,0.49964112,-0.62706286,-0.98009616,-1.0828638,-0.96446025,-1.0333462,-0.9608766,-0.6537539,-0.8518566
204,-0.69574624,-0.852573,-1.0542152,-0.00012500516,-0.8891403,-0.9643664,-0.2869691,0.04163668,-0.60311973,-0.67425054,-1.0828638,0.08464032,-0.5602113,-0.92716396,-0.82121336,-0.5506674
205,-0.5409456,-0.94874644,-0.9818902,0.063136294,-0.59880877,-0.8377855,0.38450545,0.49964112,-0.5312905,-0.40663564,-1.1131645,-0.10049507,-0.02793459,-0.9608766,-0.6872458,-0.47537008
206,-0.57190573,-1.0128621,-0.9457277,-0.18990889,-0.67139167,-0.77449507,-0.8465312,0.2451942,-0.7228352,-1.1712496,-0.9616606,-0.34734225,-0.678495,-0.7923134,-0.82121336,-0.814208
207,-0.50998545,-0.94874644,-1.0542152,0.1263976,-0.56251734,-1.0593021,-0.17505667,-0.111031465,-0.74677825,-0.7889427,-0.9919614,-0.10049507,-0.73763686,-1.0957271,-0.9216891,-0.701262
208,1.2547417,0.0129879,-0.22247787,1.4548849,1.3972205,0.30144268,2.9584913,3.1967783,0.9531809,0.93143886,-0.2041411,2.6765358,1.7463211,-0.084348194,0.6859219,1.5953057
209,3.0504289,0.04504571,1.4771593,1.4548849,1.4335119,0.9976377,6.4277763,4.0618978,2.5334246,3.9134336,-0.052637182,6.379244,3.7571442,0.994456,1.623695,3.402441
210,-0.63382596,-0.98080426,-1.2350277,-0.2531702,-0.9254317,-0.9327212,-0.06314424,0.29608357,-0.62706286,-1.0565575,-0.9313598,-0.47076586,-0.678495,-1.0283018,-0.9216891,-0.6636133
211,-0.44806522,-0.8846308,-0.7649152,-0.18990889,-0.67139167,-0.45804277,0.66428655,0.60141987,-0.6510059,-0.40663564,-0.5071489,0.26977572,-0.1462183,-0.9608766,-0.82121336,-0.09888358
212,-0.85054684,-0.5961105,-1.1265402,-0.18990889,-0.19960292,-0.5213332,-0.56675017,1.4665394,-0.98620915,-0.67425054,-0.77985597,-0.7793248,-1.2699136,-1.0620145,-0.6872458,-0.5506674
213,-0.7886266,-0.4999371,-1.0903777,1.3283622,-0.38106012,-0.45804277,-0.39888152,1.41565,-0.4834043,-0.6360199,-0.77985597,-1.1495956,-0.5602113,-1.0283018,-0.6872458,-0.96480256
214,-0.881507,-0.7884574,-1.1988652,0.6957493,-0.30847725,-0.9327212,-0.2869691,0.95764554,-1.0101522,-0.9036348,-0.9919614,-0.28563046,-0.79677874,-1.2305776,-0.6537539,-0.9271539
215,-0.81958675,-0.5640527,-1.0180527,0.6957493,-0.9980146,-1.0276569,-0.6786626,1.0594243,-0.93832296,-0.9036348,-1.2343676,-0.8410366,-0.9150624,-1.3317155,-1.0891485,-0.5130187
216,-0.97438735,-0.94874644,-1.3073527,0.31618148,-0.8891403,-0.9960116,-0.23101288,-0.5690359,-1.1298677,-0.9036348,-1.2949692,-0.96446025,-1.1516298,-1.3317155,-0.7877215,-0.9271539
217,-0.57190573,-1.0128621,-0.5841028,0.44270408,-0.56251734,-0.9960116,0.32854924,0.44875172,-0.62706286,0.28151697,-0.9919614,-0.34734225,0.2677747,-0.9945892,-0.620262,0.50349486
218,3.0504289,-0.5640527,3.6107461,0.31618148,0.52622586,-0.29981664,0.72024274,1.2120924,3.7066357,1.7725143,-0.8101567,0.4549111,0.09034912,4.1297307,-0.25185114,1.2564678
219,-0.94342726,0.0129879,-0.5479403,1.0120558,-0.48993444,-0.33146185,0.21663682,1.3138711,-0.6988921,-0.13902074,0.09886672,-0.28563046,0.14949098,-0.556325,0.049575914,-0.023586275
220,-0.23134434,0.46179727,0.8985594,-1.2020897,1.5060948,0.26979747,-0.39888152,-1.383266,0.9052947,0.28151697,-0.08293796,-0.22391866,0.20863283,0.994456,1.7911545,0.16465698
221,-0.20038421,-0.852573,-0.5479403,-0.7592606,-1.1068889,-0.90107596,-1.0143999,-0.72170407,-0.74677825,-0.59778917,-0.62835205,-1.2113074,-1.2699136,-0.72488815,-0.98867285,-0.6259647
222,2.2145054,1.2311847,0.13914704,-0.7592606,0.8528488,-0.45804277,-0.39888152,-1.2305979,0.16305903,-0.062559344,0.18976907,-0.40905407,0.56348395,0.42134127,0.81988955,0.27760294
223,0.6664993,-0.62816834,-0.36712784,-0.82252187,-0.23589437,-0.42639753,0.6083303,-0.46725714,0.115172856,-0.13902074,-0.9313598,0.6400465,0.6226258,-0.28662398,-0.7877215,0.16465698
224,-0.47902533,-0.43582147,-0.113990396,2.0242364,-0.34476867,0.14321655,0.21663682,1.3647606,-0.3397458,-0.100790046,0.007964381,-0.22391866,-0.1462183,-0.3203366,-0.050899778,-0.40007278
225,1.595303,-0.852573,0.356122,1.0120558,0.05443716,-0.8377855,0.5523741,0.60141987,0.35460374,0.6255933,-1.0222622,0.5166229,0.8000514,0.5899044,-0.28534305,0.69173807
226,-0.85054684,-0.94874644,-0.9095652,-0.063386306,-1.1794719,-0.8694307,-1.4620496,2.0263226,-1.0340953,-1.3624032,-0.9616606,-0.8410366,-1.1516298,-1.1631523,-0.95518094,-1.1530458
227,3.1433094,0.94266444,1.4409968,2.720111,2.014175,0.7761211,1.3917173,1.1103137,1.001067,2.4224362,0.7957847,0.4549111,0.56348395,1.8372717,1.8246464,1.8588463
228,0.7903398,2.0967455,2.3088965,-0.4429541,0.19960292,-0.07830004,-0.11910045,0.092526056,3.8742373,1.0079002,0.7048824,0.3931993,0.7409095,2.444099,0.2505273,0.35290024
229,-0.4171051,-0.17935897,-0.8734027,-0.69599926,-0.52622586,-0.5846237,0.21663682,-0.36547837,-0.84255064,-0.25371286,0.52307767,-0.34734225,-0.20536016,-0.7586008,1.1548085,-0.5130187
230,-1.0053475,-0.62816834,-0.5841028,-0.1266476,-1.1431804,-0.8377855,-1.6858743,-0.77259344,-0.962266,-1.4770952,-0.14353953,-1.4581546,-1.6839066,-0.4551871,-0.9216891,-1.3789377
231,-1.0363076,-0.17935897,0.06682206,-0.56947666,-0.52622586,-0.39475232,-1.2941809,-0.111031465,-0.4834043,-1.3241725,0.18976907,-0.9027484,-0.79677874,0.084214956,-0.8547053,-0.88950527
232,0.20209743,-0.7563996,-0.5117778,1.5814074,0.38106012,-0.9327212,1.3357611,0.34697297,-0.38763198,-0.33017424,-1.1434653,0.3314875,0.56348395,-0.556325,0.31751108,-0.09888358
233,-0.4171051,-0.6922839,-1.1988652,-0.7592606,-0.453643,-0.9327212,-0.0071880245,0.29608357,-0.89043677,-0.062559344,-0.8101567,0.14635211,-0.26450202,-1.196865,-0.8547053,-0.28712684
234,1.595303,-0.7563996,0.53693444,0.6957493,0.7439745,-0.6479141,0.5523741,0.65230924,1.001067,0.7785161,-0.9313598,0.3931993,0.14949098,0.5899044,0.38449487,0.35290024
235,3.545791,-0.4999371,0.6454219,1.7079301,1.5060948,-0.77449507,1.8393672,1.161203,1.1447256,1.3902073,-0.9313598,0.5783347,0.2677747,0.62361705,1.4227437,2.009441
236,0.4188183,-0.5319949,-0.07782791,-0.063386306,-0.7076831,-0.80614024,0.83215517,-0.009252703,-0.3636889,0.01390206,-0.53744966,0.14635211,0.97747695,-0.3203366,-0.6537539,0.35290024
237,0.8832202,-0.115243345,0.03065957,0.50596535,-0.30847725,-0.33146185,1.6714983,0.754088,-0.24397345,0.7402854,0.1594683,0.7634701,0.6817677,0.11792759,0.016084015,0.80468404
238,-1.1911082,-0.94874644,-1.2711902,-1.6449188,-1.2520547,-1.185883,-1.573962,-1.6377128,-1.2016969,-1.6682488,-1.2646685,-1.334731,-1.3881973,-1.2980028,-1.3235918,-1.6048297
239,-0.4171051,-0.17935897,-0.8372402,-0.3164315,0.48993444,-0.8377855,0.1047244,-0.009252703,-0.8664937,-1.0183269,-0.8707583,-0.22391866,-0.79677874,-0.7586008,0.78639764,-1.2283431
240,0.14017718,1.00678,0.21147203,-0.56947666,0.9617232,0.26979747,-0.62270635,-0.77259344,0.01940051,-0.59778917,1.3411988,-0.10049507,-0.08707645,0.4550539,1.3892517,-0.6259647
241,-0.3242247,-0.5961105,-0.36712784,-0.063386306,0.01814572,-0.2681714,0.21663682,1.161203,-0.41157505,-0.17725144,-0.7192544,-0.038783275,0.3860584,-0.556325,0.58544624,0.014062377
242,0.047296792,-0.115243345,-0.5841028,-0.632738,-0.7439745,-0.45804277,0.1606806,0.092526056,-0.10031492,-0.52132773,0.007964381,0.5783347,-0.1462183,-0.25291133,-1.0556567,-0.36242414
243,-0.07654371,-0.46787927,0.17530954,0.37944278,-0.7439745,-0.61626893,0.1047244,0.90675616,-0.5312905,0.090363465,-1.0828638,0.26977572,0.7409095,0.084214956,-0.8547053,0.051711027
244,-0.0146234585,0.04504571,0.06682206,0.37944278,0.9617232,-0.6479141,-0.23101288,0.04163668,-0.5552336,-0.36840495,0.31097218,0.14635211,1.39147,-0.016922932,1.5232193,0.35290024
245,-0.44806522,1.1350113,-0.041665412,0.37944278,1.2883462,0.079926096,0.27259305,0.34697297,-0.45946124,0.090363465,-0.47684813,0.022928523,0.50434214,-0.18548608,0.2505273,0.50349486
246,-0.57190573,-0.6922839,-1.1627027,2.1507592,-0.9980146,-0.8694307,0.49641788,-0.009252703,-0.962266,-0.82717335,-1.052563,-0.71761304,-1.092488,-1.1631523,-0.8881972,-1.0777485
247,-0.94342726,-0.7884574,-0.8372402,-1.6449188,-1.2157632,-0.5213332,-1.4620496,-0.92526156,-0.3158027,-0.94186544,0.43217534,-1.1495956,-0.85592055,-0.89345133,-1.2901,-1.0400999
248,0.14017718,-0.37170583,0.7177469,-0.4429541,-0.48993444,-0.29981664,-0.0071880245,0.092526056,0.977124,0.20505556,-0.355645,0.70175827,0.20863283,0.8258928,-0.41931063,0.35290024
249,-0.16942409,-0.08318553,0.53693444,-0.1266476,0.9617232,-0.23652618,-0.06314424,0.19430482,0.30671754,0.43443978,-0.052637182,0.9486055,0.9183351,0.7921802,-0.31883493,0.57879215
250,2.4312265,0.10916133,1.6941342,-0.69599926,1.2520547,-0.046654813,1.5036297,-0.36547837,1.7433027,2.0018985,0.1594683,-0.34734225,0.2677747,2.1406853,1.1548085,2.2353327
251,-0.5409456,0.23739257,-0.18631539,-0.3164315,-0.05443716,-0.3631071,-0.06314424,-0.009252703,0.043343596,-0.40663564,-0.14353953,-0.28563046,-0.20536016,-0.35404924,-0.31883493,-0.40007278
252,-0.44806522,0.077103525,-1.0542152,0.37944278,-0.8891403,-0.23652618,-0.11910045,0.7031986,-0.674949,-0.52132773,-0.26474264,-0.40905407,-0.6193532,-0.72488815,-0.31883493,-0.701262
253,0.23305754,1.4555894,0.8623969,2.5303268,1.6149691,1.4090257,0.1606806,1.7209862,0.68980694,0.052132763,0.97758937,0.6400465,0.6226258,-0.11806082,1.8581383,0.87998134
254,-0.10750384,0.5900285,0.28379703,0.5692267,-0.453643,0.23815224,0.7761989,1.8736544,0.28277448,0.39620906,0.4624761,1.380588,1.0366188,0.18535285,-0.08439167,0.23995428
255,1.0070606,0.3015082,1.1878593,-0.5062154,0.30847725,-0.17323571,0.21663682,-1.5359341,1.8151319,1.046131,-0.17384031,0.7634701,1.0957607,1.8372717,-0.18486735,0.80468404
256,0.016336668,0.5259129,2.0195966,-0.1266476,2.2319236,1.7254779,0.88811135,0.60141987,1.9109043,1.810745,1.6442066,2.1828415,2.160314,1.6349959,1.6906788,1.5200084
257,-1.0363076,-0.14730115,-1.0542152,0.1896589,-0.67139167,-0.39475232,0.72024274,-0.26369962,-1.0340953,-0.71248126,0.007964381,-0.038783275,-1.2107717,-0.826026,-0.41931063,-0.814208
258,-0.9124671,0.04504571,-0.8372402,0.1263976,-0.7439745,-0.14159049,-1.070356,-0.21281023,-0.9143799,-1.133019,0.7351831,-0.59418947,-1.3290554,-0.9945892,-0.6537539,-1.341289
259,-0.35518485,0.68620193,1.1516968,-0.3796928,0.12702005,1.2191542,-0.2869691,0.14341544,1.8630182,0.28151697,1.0987926,0.70175827,0.7409095,1.2978697,-0.050899778,0.65408945
260,-0.4171051,-0.08318553,0.46460947,-0.56947666,-0.19960292,1.8837041,0.21663682,0.754088,1.1207825,0.28151697,-0.38594577,0.20806392,0.031207265,0.18535285,-0.48629442,0.20230563
261,-0.881507,0.68620193,0.39228448,-1.075567,-0.8891403,0.8710568,-0.95844364,0.60141987,0.5700915,-0.98009616,0.18976907,-0.28563046,-0.44192758,0.2527781,-0.82121336,-0.8518566
262,-0.881507,-0.17935897,-0.5841028,-1.2653509,0.19960292,-0.14159049,-1.0143999,-0.92526156,-0.74677825,-0.98009616,0.28067142,-0.9027484,-0.85592055,-0.4214745,-0.5197863,-0.7389107
263,-0.63382596,-0.5961105,-0.40329033,0.50596535,-0.23589437,-0.33146185,-0.39888152,-0.5181465,-0.4834043,-0.6360199,-0.47684813,0.14635211,-0.02793459,-0.5226124,-0.21835926,-0.7765593
264,0.5426588,-0.37170583,0.03065957,1.265101,-0.453643,-0.5213332,-0.62270635,1.2629818,1.001067,-0.33017424,-0.14353953,-0.038783275,-0.44192758,-0.11806082,-0.31883493,-0.24947818
265,-1.0053475,-0.46787927,-0.9095652,1.075317,-1.2157632,-0.9327212,-1.1822685,-0.8234828,-0.98620915,-1.0565575,-0.8101567,-0.96446025,-1.2107717,-0.89345133,-0.95518094,-1.2659918
266,-0.3242247,-0.30759022,-0.40329033,-0.063386306,-0.48993444,-0.77449507,-0.39888152,-0.314589,-0.41157505,-0.52132773,-0.56775045,-0.40905407,0.09034912,-0.21919872,-0.6537539,-0.588316
267,-0.81958675,-0.24347459,0.356122,-0.18990889,1.4335119,-0.67955935,-1.0143999,-0.36547837,0.23488829,-1.4388646,0.61398,-0.8410366,-1.092488,0.32020336,1.4227437,-1.4165864
268,-0.47902533,0.23739257,-0.40329033,-0.3164315,-0.12702005,0.11157133,0.27259305,-0.314589,-0.10031492,-0.25371286,0.31097218,-0.59418947,-0.73763686,-0.556325,-0.050899778,0.20230563
269,-0.9124671,-0.051127724,-0.07782791,0.37944278,-0.19960292,0.90270203,0.21663682,0.2451942,0.01940051,-0.17725144,0.7351831,1.3188763,1.0366188,0.353916,-0.25185114,0.16465698
270,-0.75766647,-0.115243345,0.28379703,0.88553315,0.16331148,1.0609281,-0.23101288,0.49964112,0.16305903,0.12859416,0.6745816,0.8868937,0.7409095,0.21906547,-0.050899778,-0.3247755
271,-0.57190573,1.2311847,0.356122,-0.18990889,0.05443716,0.5862497,-0.0071880245,0.5505305,0.01940051,-0.55955845,-0.08293796,-0.10049507,-0.02793459,0.11792759,0.28401917,-0.36242414
272,0.047296792,-0.24347459,0.356122,-0.8857832,-0.12702005,-0.2681714,1.3917173,-0.5181465,-0.12425801,0.31974766,-0.44654733,0.5783347,0.56348395,0.4550539,-0.31883493,0.014062377
273,-0.16942409,0.14121914,0.6092594,1.075317,1.1794719,1.1875091,0.6083303,1.6700969,0.3785468,0.12859416,0.6442808,0.3314875,0.3860584,1.0281686,2.293533,-0.28712684
274,-0.6028659,-0.051127724,-0.07782791,2.593588,-0.453643,2.3583827,1.05598,2.9932208,-0.5312905,0.090363465,1.8260113,0.7634701,0.50434214,-0.4551871,1.6571869,0.08935968
275,-0.47902533,-0.019069912,-0.25864038,-0.82252187,-0.52622586,0.5229593,-0.5107939,-0.5181465,-0.57917666,-0.6360199,0.31097218,-0.47076586,-0.44192758,-0.35404924,0.48497057,-0.36242414
276,0.69745946,-0.2755324,0.17530954,-1.1388284,0.34476867,-0.2681714,-0.2869691,-1.1288191,0.09122977,0.052132763,-0.14353953,-0.10049507,-0.26450202,0.016789699,0.2170354,0.08935968
277,-0.97438735,-0.7563996,-0.8734027,-0.8857832,-0.9254317,-0.3631071,-0.9024874,-0.26369962,-0.5073474,-0.9036348,-0.8404575,-0.71761304,-0.38278574,-0.72488815,-0.98867285,-1.0400999
278,1.5024227,0.49385506,0.53693444,-0.3164315,2.7400038,-0.10994527,0.21663682,-1.2814872,-0.052428752,0.24328627,-0.08293796,-0.28563046,0.20863283,0.48876652,2.3940086,0.014062377
279,0.047296792,0.17327696,0.3199595,1.1385783,-0.52622586,0.33308792,-0.0071880245,1.41565,0.35460374,-0.21548215,0.09886672,0.14635211,0.50434214,0.48876652,-0.28534305,0.23995428
280,-1.0053475,-0.8846308,-1.3073527,-1.1388284,-0.9980146,-1.0593021,-1.1822685,-0.111031465,-1.1059246,-0.7889427,-1.2949692,-0.71761304,-0.79677874,-1.196865,-0.95518094,-1.0024512
281,-1.0672678,-0.9166886,-1.0903777,-0.94904447,-1.5423862,-1.0909473,-1.0143999,-1.2814872,-1.1298677,-0.86540407,-1.32527,-1.1495956,-1.2699136,-1.1631523,-1.3235918,-0.9271539
282,-1.129188,-1.0449198,-1.3435152,-1.4551349,-1.5060948,-1.185883,-1.070356,-0.16192085,-1.1777538,-1.2477111,-1.3555708,-0.34734225,-0.85592055,-1.2642902,-1.3235918,-1.341289
283,-1.1911082,-1.0449198,-1.4158401,-1.8347026,-1.5060948,-1.185883,-1.573962,-1.5868235,-1.22564,-1.6682488,-1.32527,-1.8284254,-1.6839066,-1.3654281,-1.3235918,-1.6424782
284,-0.44806522,-0.66022617,-0.9095652,-0.18990889,-1.4698033,-0.61626893,-0.7346188,-0.72170407,-0.84255064,-0.750712,-0.9616606,-0.16220687,-0.44192758,-0.9608766,-0.98867285,-0.814208
285,0.2949778,-0.37170583,0.50077194,0.31618148,0.2721858,-0.7112046,-0.39888152,-0.46725714,-0.22003037,-0.36840495,-0.41624656,-0.16220687,0.32691655,0.48876652,1.8581383,-0.28712684
286,0.44977844,2.6096704,1.0070468,0.37944278,0.453643,1.2507995,-0.6786626,0.60141987,1.001067,1.0843617,1.5230035,-0.40905407,-0.44192758,0.9270307,2.1595654,1.896495
287,0.07825692,-0.72434175,0.03065957,0.37944278,-0.23589437,-0.29981664,0.49641788,0.2451942,-0.24397345,0.24328627,-0.9010591,0.7634701,0.20863283,-0.15177345,-0.48629442,0.57879215
288,0.5426588,-0.9166886,0.17530954,1.6446687,-0.48993444,-0.7428498,1.1119362,1.7209862,0.426433,-0.024328642,-0.7495552,0.70175827,0.6226258,0.11792759,-0.5197863,0.39054888
289,-0.75766647,-0.72434175,-0.8010777,0.9487945,-0.19960292,-0.6479141,-0.06314424,0.90675616,-0.7228352,-0.6360199,-0.44654733,-0.34734225,-0.02793459,-0.9945892,-0.31883493,-0.6259647
290,-0.85054684,-0.7563996,-1.1265402,0.1896589,-0.56251734,-1.0909473,-0.39888152,0.8558668,-0.8186075,-0.7889427,-1.1434653,-0.5324777,-0.5010694,-1.0620145,-0.6872458,-0.6636133
291,-0.94342726,-0.8205152,-0.9818902,0.1896589,-0.6351002,-0.5213332,-0.0071880245,0.39786234,-0.6510059,-1.0183269,-0.9313598,-0.65590125,-0.73763686,-0.9608766,-0.5197863,-0.588316
292,3.9792328,-0.7884574,0.46460947,0.88553315,0.48993444,-0.77449507,2.8465788,0.29608357,1.4320426,2.1548214,-1.052563,1.1954527,1.4506118,0.6573297,0.2505273,1.5953057
293,2.090665,-0.30759022,0.7539094,1.3916235,0.38106012,-0.07830004,2.1751044,2.0772119,0.71375,2.7282817,-0.56775045,1.9359943,2.1011722,0.48876652,1.5232193,2.3482788
294,-0.4171051,-0.4999371,-0.6202653,0.44270408,-0.453643,-0.55297846,0.1047244,1.3647606,-0.74677825,-0.062559344,-0.65865284,-0.5324777,-0.44192758,-0.62375027,-0.6537539,-0.061234925
295,2.6169872,2.9943643,3.6107461,1.7079301,5.0263643,2.2001565,1.6155422,0.5505305,2.629197,2.9194353,1.4624019,1.9977062,2.3377397,4.163443,5.9776416,3.515387
296,-0.6647861,-0.66022617,-0.6564278,-0.69599926,-0.59880877,-0.29981664,-0.2869691,-0.16192085,-0.7707214,-1.2477111,-0.65865284,-0.40905407,-0.73763686,-0.72488815,-0.28534305,-0.814208
297,1.9977846,3.859925,3.7553961,2.1507592,5.6796103,1.9469945,1.7274545,2.1281013,3.5150912,2.7665124,2.4017262,1.0103173,1.9237467,3.185777,6.48002,1.9341435
298,-0.47902533,6.8413014,-0.5841028,-0.2531702,0.23589437,1.8204136,-0.3429253,-1.383266,-0.052428752,0.16682486,2.5229294,-1.334731,-1.1516298,-0.59003764,1.8916302,0.7670354
299,0.6355392,1.5517628,2.6705213,-0.69599926,1.7601348,3.4026752,-0.17505667,-0.26369962,2.629197,1.0079002,2.038117,0.14635211,1.3323281,2.6800876,1.3892517,0.6164408
300,0.69745946,0.14121914,-0.005502922,2.720111,1.1068889,0.6811854,0.7761989,1.7718756,0.73769313,1.1225924,0.03826516,1.0720291,1.2731862,-0.35404924,1.2552842,0.87998134
301,-1.0672678,-0.24347459,-0.7649152,0.5692267,-0.0907286,-0.61626893,-1.070356,-0.5690359,-0.60311973,-1.2094804,-0.7192544,-0.8410366,-1.092488,-0.8597387,-0.35232684,-1.3036404
302,-0.94342726,-0.7563996,-1.0180527,-0.82252187,-0.7439745,-1.0276569,-1.4060934,-0.67081463,-1.0819815,-1.0183269,-1.052563,-0.40905407,-0.26450202,-1.0283018,-0.9216891,-1.1153972
303,-0.94342726,-0.94874644,-1.2350277,-1.2020897,-1.3246375,-0.77449507,-1.2941809,-1.1797085,-0.7707214,-0.750712,-1.1131645,-1.2113074,-1.3881973,-1.2305776,-1.2901,-0.88950527
304,1.9668247,0.20533477,0.7539094,0.50596535,0.780266,-0.55297846,1.9512795,1.2629818,-0.028485665,1.3519766,0.007964381,1.5040116,1.3323281,0.96074337,-0.050899778,1.5953057
305,1.5333829,-0.08318553,0.50077194,1.3916235,0.8528488,0.33308792,1.2798048,0.90675616,0.115172856,1.1990538,0.18976907,1.8125707,0.9183351,0.9270307,0.1500516,1.896495
306,-1.129188,0.846491,-0.8010777,-1.2653509,-0.780266,-0.45804277,-1.4620496,-1.1288191,-1.22564,-1.4770952,-0.9919614,-1.5198663,-1.6839066,-0.7586008,-0.45280254,-1.5295323
307,-0.94342726,0.46179727,-1.3435152,-0.063386306,1.2883462,-0.10994527,-1.0143999,-0.77259344,-0.84255064,-0.67425054,-0.9010591,-1.2730192,-1.2699136,-1.2305776,0.28401917,-0.7765593
308,-1.1911082,-0.94874644,-1.0903777,-0.2531702,-1.3972205,-1.0593021,-1.2941809,-0.5181465,-0.962266,-1.4006339,-1.2949692,-1.1495956,-1.3881973,-1.1294397,-1.1561323,-1.2659918
309,0.5426588,1.2311847,0.42844698,-1.7081801,1.1431804,-0.20488095,-0.3429253,-1.5359341,-0.24397345,-0.17725144,0.7654839,-1.2730192,-1.092488,0.15164022,0.987349,-0.3247755
310,-0.75766647,-0.14730115,-0.041665412,1.5814074,0.38106012,1.0609281,0.6083303,1.41565,0.3785468,-0.13902074,1.7957104,0.20806392,0.50434214,-0.016922932,-0.31883493,0.051711027
311,1.595303,0.49385506,1.6579717,-0.1266476,1.2157632,0.5862497,1.2798048,1.0085349,2.940457,1.2372845,0.61398,1.2571645,2.6334488,2.4103863,1.1213166,2.87536
312,1.5024227,0.7823754,-0.29480284,0.9487945,-0.30847725,-0.3631071,0.38450545,-0.21281023,0.23488829,-0.36840495,1.4927027,-0.9027484,-0.85592055,0.11792759,0.35100296,-0.5130187
313,-0.69574624,-0.7884574,-0.5841028,-0.82252187,-0.9254317,-0.80614024,-0.11910045,-0.67081463,-0.7228352,-0.40663564,-0.9313598,-0.5324777,-0.44192758,-0.7923134,-0.8881972,-0.21182953
314,1.9668247,1.7761675,5.6358457,-0.56947666,0.8891403,2.4849634,0.44046167,0.092526056,2.150335,3.5693572,6.4317303,-0.038783275,0.50434214,5.1073966,0.78639764,3.402441
315,-0.63382596,1.519705,-0.43945283,-0.56947666,0.67139167,-0.55297846,-1.1822685,-0.8234828,-0.74677825,-0.98009616,-0.14353953,-0.22391866,-0.73763686,-0.4551871,0.31751108,-0.6259647
316,0.32593793,0.36562383,0.8985594,-0.18990889,0.34476867,-0.61626893,1.05598,-0.46725714,0.9052947,-0.13902074,0.4927769,-0.16220687,-0.08707645,0.5224792,0.1500516,0.12700833
317,0.7593797,0.5900285,0.356122,1.8344526,1.0705975,1.3457352,-0.39888152,0.95764554,0.13911594,0.66382396,0.12916751,1.1337409,0.8000514,0.5224792,1.2552842,0.95527864
318,-0.10750384,-0.33964804,0.21147203,1.1385783,-0.19960292,0.30144268,0.49641788,1.3138711,-0.22003037,0.5491319,-0.14353953,0.3314875,0.97747695,0.32020336,0.48497057,0.69173807
319,-1.0982279,-0.5640527,-1.3796777,0.75901055,-1.3972205,-0.5846237,-1.1263123,-0.46725714,-0.98620915,-1.0183269,-0.9010591,-1.1495956,-1.2699136,-1.1294397,-1.256608,-1.1906945
320,-1.1601481,-1.0449198,-1.4158401,-0.69599926,-1.360929,-1.1542377,-1.6858743,-0.97615093,-1.22564,-1.6682488,-1.3555708,-1.7050018,-1.7430484,-1.2642902,-1.3235918,-1.6048297
321,-1.0363076,-1.0449198,-1.4158401,-0.56947666,-1.0705975,-1.1225926,-1.7418306,-1.2305979,-1.2016969,-1.5917873,-1.2646685,-1.7667136,-1.5656228,-1.3317155,-1.1561323,-1.6048297
322,-1.129188,-0.98080426,-1.1988652,-0.4429541,-1.5060948,-0.9960116,-1.6858743,-0.41636774,-1.1059246,-1.515326,-1.2040669,-1.7050018,-1.7430484,-1.196865,-1.2901,-1.454235
323,-0.75766647,-0.37170583,0.28379703,-0.69599926,-1.2883462,-0.29981664,-1.0143999,0.04163668,1.8630182,-0.6360199,-0.9616606,0.70175827,-0.08707645,0.42134127,-0.98867285,-0.701262
324,-0.045583583,0.71825975,-0.43945283,0.8222719,0.52622586,-0.015009585,1.3357611,-0.41636774,0.25883138,1.046131,0.1594683,1.1954527,1.7463211,-0.35404924,0.083067805,0.72938675
325,1.564343,0.6541441,1.4048343,-0.18990889,0.41735157,0.83941156,2.6787102,0.95764554,1.5517579,3.6458185,0.34127298,1.8742825,2.4560235,1.6012833,0.083067805,3.402441
326,0.047296792,-0.37170583,0.28379703,1.265101,-0.7076831,1.0925734,0.1606806,2.484327,0.25883138,0.35797837,1.4018003,0.4549111,0.56348395,0.5561918,-0.7877215,0.57879215
327,5.1247573,0.9106066,3.6469085,-1.075567,1.5423862,2.70648,2.7906227,0.8558668,3.7066357,6.016122,2.1896207,1.6274352,2.219456,3.3206275,0.61893815,7.3555493
328,0.1711373,0.7823754,0.13914704,1.075317,1.0705975,0.30144268,2.0072358,0.5505305,0.83346546,1.6960529,0.43217534,2.7382476,3.9345696,-0.38776186,0.1500516,1.2564678
329,0.6355392,0.077103525,0.8262344,-0.2531702,0.12702005,1.31409,2.2310605,0.49964112,0.9531809,1.6578223,1.6745074,0.8868937,1.0957607,0.9270307,-0.21835926,1.9717922
330,-0.4171051,-0.5319949,-0.5479403,-0.3164315,0.0907286,0.26979747,1.0000238,1.0085349,-0.07637184,0.93143886,-0.41624656,0.08464032,0.50434214,-0.92716396,-0.31883493,0.69173807
331,-0.69574624,-0.08318553,-0.9818902,-0.1266476,0.38106012,-0.45804277,-0.0071880245,0.60141987,-0.5552336,0.31974766,-0.44654733,-0.038783275,0.3860584,-0.92716396,-0.7542296,0.65408945
332,0.44977844,0.23739257,-0.29480284,1.4548849,0.38106012,0.36473313,0.7761989,0.8049774,0.01940051,1.3902073,0.52307767,1.4422998,0.7409095,-0.38776186,-0.35232684,1.2564678
333,-0.3242247,0.17327696,-0.47561532,0.9487945,0.59880877,0.55460453,-0.790575,1.161203,-0.12425801,0.052132763,0.03826516,-0.65590125,-0.38278574,-0.59003764,-0.620262,-0.09888358
334,-0.16942409,0.10916133,-0.72875273,1.0120558,-0.19960292,-0.046654813,0.7761989,0.34697297,-0.29185963,0.51090115,0.09886672,0.7634701,0.3860584,-0.72488815,-0.5532782,0.42819753
335,-0.44806522,0.81443316,-0.29480284,2.8466334,0.8165574,1.9786397,0.6083303,3.603893,0.067286685,0.31974766,1.310898,-0.16220687,0.14949098,0.016789699,0.48497057,0.39054888
336,0.5426588,-0.2755324,1.4409968,1.1385783,0.67139167,2.2001565,0.27259305,2.891442,1.3602134,2.307744,1.4624019,0.8251819,1.4506118,1.4327202,-0.31883493,1.9717922
337,1.2857019,0.10916133,1.6579717,-0.00012500516,-0.34476867,3.2760942,0.49641788,0.8558668,1.2165549,2.0783598,2.3714254,-0.16220687,-0.20536016,1.264157,-0.95518094,2.5365222
338,-0.045583583,-0.33964804,-0.15015289,1.3916235,0.38106012,0.04828087,0.49641788,2.3316588,0.35460374,0.8932082,0.34127298,0.8868937,0.44520026,0.2527781,-0.38581875,1.030576
339,-0.16942409,-0.051127724,-0.6202653,-0.2531702,-1.0705975,-0.3631071,-0.6786626,1.0085349,-0.4834043,-0.52132773,1.310898,-0.59418947,-1.092488,-0.38776186,-0.7877215,-0.061234925
340,-0.6647861,-0.46787927,-0.5479403,-1.5183961,0.9617232,-0.7428498,-1.0143999,-0.72170407,-0.19608727,-0.29194355,-0.7192544,-1.026172,-0.73763686,-0.6911755,-0.48629442,0.39054888
341,0.8832202,0.42973945,0.9708844,-0.56947666,0.01814572,0.7761211,0.49641788,-1.0270404,0.5461484,0.6255933,2.1896207,0.022928523,-0.26450202,0.48876652,0.5184625,0.35290024
342,0.72841954,-0.115243345,0.42844698,-0.56947666,0.23589437,0.14321655,-0.5107939,-0.21281023,0.49826226,0.8932082,0.4624761,-0.40905407,-0.73763686,0.42134127,0.1500516,0.5411435
343,-0.69574624,0.17327696,-0.47561532,1.1385783,-0.34476867,0.17486177,-1.0143999,1.5683181,-0.22003037,-0.33017424,2.007816,-1.2113074,-0.9150624,-0.4214745,-0.050899778,-0.28712684
344,-0.6028659,-0.4999371,-0.8010777,0.63248795,-1.034306,-0.42639753,-0.62270635,0.90675616,-0.62706286,-0.6360199,0.58367926,-0.22391866,-0.9742043,-0.62375027,-0.6872458,-0.96480256
345,0.91418034,0.39768162,-0.33096534,-0.3796928,0.9254317,-0.29981664,-0.62270635,-0.36547837,0.5700915,0.5873626,-0.022336401,-0.34734225,-0.9150624,0.05050233,0.5519543,1.0682245
346,0.047296792,0.04504571,0.39228448,-0.5062154,-0.19960292,0.23815224,-0.6786626,-0.41636774,0.2109452,0.47267047,1.6139058,-0.40905407,-0.678495,0.6573297,-0.31883493,0.50349486
347,1.2547417,-0.21141678,0.57309693,-0.2531702,0.9980146,0.33308792,-0.39888152,-0.21281023,0.5461484,0.39620906,0.25037062,-0.59418947,-0.5010694,0.5561918,-0.25185114,0.69173807
348,-0.26230446,0.49385506,-0.25864038,0.8222719,0.59880877,-0.17323571,-0.39888152,0.95764554,-0.19608727,0.090363465,0.7048824,0.14635211,0.20863283,-0.084348194,0.65243006,0.014062377
349,-0.9124671,1.359416,-0.7649152,1.0120558,1.7601348,0.5862497,-1.4060934,1.822765,-0.6510059,-1.0947883,1.4624019,-1.2730192,-1.092488,-0.556325,1.3892517,-1.1153972
350,-1.1601481,-0.8205152,-1.1988652,-1.5183961,-1.3972205,-0.9643664,-1.573962,-1.4341553,-1.0101522,-1.4770952,0.31097218,-0.9027484,-1.092488,-1.0957271,-1.1226405,-1.341289
351,-0.045583583,-0.33964804,-0.29480284,-0.2531702,-0.48993444,0.33308792,-0.17505667,0.49964112,-0.5312905,0.12859416,-0.08293796,-0.16220687,0.2677747,-0.5226124,-0.95518094,-0.21182953
352,0.23305754,-0.33964804,0.21147203,1.075317,-0.7439745,0.23815224,0.32854924,0.65230924,0.35460374,0.8167468,0.6442808,-0.038783275,0.32691655,0.15164022,-0.7207377,-0.061234925
353,2.6479473,1.5838207,1.1516968,-0.3796928,1.5060948,1.598897,1.2238487,0.2451942,2.0306196,2.6135895,0.22006986,1.7508588,1.8646048,1.4664328,1.8581383,1.9341435
354,-1.1911082,-1.0449198,-1.3073527,-1.3286122,-1.3972205,-0.39475232,-1.1263123,0.092526056,-1.22564,-1.133019,-1.0222622,-1.1495956,-1.092488,-1.3317155,-1.3235918,-1.1153972
355,-1.1601481,-0.7563996,-1.2711902,-1.5816574,-1.1794719,-0.90107596,-1.6858743,-1.8921598,-1.1777538,-1.5535567,-0.44654733,-1.7050018,-1.6839066,-1.1294397,-0.98867285,-1.5295323
356,1.4714626,0.42973945,0.7177469,-0.69599926,0.41735157,1.598897,0.49641788,-0.41636774,1.9109043,1.0079002,2.1290193,0.20806392,0.2677747,1.1967318,0.41798678,1.0682245
357,-1.1911082,-0.852573,-1.0180527,-1.9612253,-1.5060948,-0.8377855,-1.573962,-1.9939386,-1.0819815,-1.6300181,0.007964381,-1.5815783,-1.6247647,-0.9608766,-1.3235918,-1.567181
358,0.20209743,-0.8846308,0.8262344,0.063136294,-0.30847725,-0.6479141,-0.23101288,0.39786234,0.8574085,0.12859416,-1.052563,1.5040116,1.1549026,1.1967318,-0.98867285,0.5411435
359,-0.0146234585,0.17327696,0.06682206,0.6957493,0.30847725,0.5862497,-0.0071880245,-0.21281023,-0.41157505,0.052132763,0.25037062,-0.34734225,-0.6193532,0.15164022,0.31751108,0.051711027
360,0.48073855,0.20533477,-0.25864038,0.63248795,0.9617232,-0.015009585,0.9440676,0.8049774,0.2109452,0.8932082,-0.26474264,0.4549111,0.32691655,-0.084348194,0.5519543,0.46584618
361,-0.3242247,-0.66022617,-0.72875273,-0.18990889,1.5786777,-0.5213332,-0.06314424,0.04163668,0.18700212,0.20505556,-0.7192544,-0.9027484,-0.85592055,-0.7586008,-0.6537539,0.16465698
362,0.14017718,-0.33964804,-0.5841028,-0.3796928,0.23589437,0.36473313,0.6083303,-0.67081463,-0.052428752,0.090363465,-0.08293796,-0.10049507,0.44520026,-0.7586008,-0.25185114,0.23995428
363,-0.6028659,-0.21141678,0.39228448,-0.69599926,-0.9254317,1.9153492,0.04876819,-0.111031465,0.067286685,-0.17725144,1.3714995,0.20806392,-0.1462183,0.084214956,-0.7542296,-0.28712684
364,-0.7886266,-0.5961105,-0.6564278,-0.5062154,-0.41735157,-0.7112046,-0.6786626,-0.36547837,-0.8186075,-0.82717335,-0.5071489,-0.34734225,-0.6193532,-0.59003764,-0.5867701,-0.6636133
365,0.91418034,0.3015082,-0.113990396,0.37944278,1.9053006,-0.67955935,1.9512795,-0.16192085,0.01940051,0.43443978,-0.38594577,1.3188763,1.4506118,-0.15177345,1.7576627,0.87998134
366,-0.6647861,-0.14730115,-0.36712784,-0.4429541,-1.2157632,-0.7112046,-0.4548377,-1.0270404,-0.41157505,-0.94186544,-0.41624656,-0.22391866,-0.5010694,-0.5226124,-0.7542296,-1.0024512
367,0.23305754,0.14121914,0.7539094,0.31618148,-0.19960292,1.7571231,0.83215517,-0.36547837,0.71375,0.5491319,1.038191,0.3931993,0.6817677,0.48876652,0.5519543,0.46584618
368,5.2485976,-0.43582147,4.659458,-0.3164315,0.453643,-0.6479141,2.8465788,0.092526056,2.4137092,2.193052,-0.41624656,2.614824,1.9237467,4.8376956,0.049575914,2.5365222
369,0.6355392,0.077103525,0.6454219,-0.1266476,0.34476867,0.23815224,1.0000238,0.7031986,0.64192075,0.7402854,-0.26474264,1.689147,1.6871792,0.75846756,-0.01740788,1.4823598
370,1.0999411,-0.40376365,0.9708844,0.9487945,-0.01814572,-0.29981664,1.9512795,-0.61992526,0.8574085,1.428438,-0.8404575,1.8742825,1.9237467,0.994456,-0.38581875,0.6164408
371,-0.20038421,-0.37170583,0.6454219,1.2018397,-0.16331148,-0.23652618,0.04876819,1.0085349,0.8095224,0.8932082,-0.53744966,-0.038783275,0.3860584,0.89331806,-0.45280254,0.08935968
372,0.23305754,0.14121914,0.24763452,-0.5062154,-0.453643,-0.3631071,-0.23101288,-1.4850447,0.16305903,0.6255933,0.12916751,-0.5324777,0.44520026,0.016789699,0.11655971,-0.40007278
373,2.369306,0.97472227,0.46460947,0.50596535,1.1431804,10.048173,0.1047244,0.29608357,-0.10031492,0.47267047,1.7048081,-0.28563046,0.9183351,0.6910423,1.9251221,0.39054888
374,-0.94342726,-0.7884574,-1.2711902,-0.3164315,-0.9617232,-1.0276569,-0.8465312,-1.1288191,-1.1298677,-0.9036348,-1.0828638,-0.96446025,-1.5656228,-1.3317155,-0.5197863,-0.96480256
375,-0.13846396,-0.62816834,-0.43945283,0.31618148,-0.59880877,-0.6479141,0.1047244,-0.009252703,-0.29185963,-0.59778917,-0.9010591,-0.65590125,0.2677747,-0.3203366,-0.6872458,-0.43772143
376,-0.35518485,0.46179727,0.06682206,0.44270408,-0.38106012,0.49131405,-0.0071880245,-0.77259344,-0.4834043,-0.44486636,1.0078902,-0.22391866,-0.20536016,0.05050233,0.61893815,-0.21182953
377,0.016336668,0.5579707,0.03065957,0.44270408,-0.12702005,1.1875091,0.1047244,1.3647606,-0.12425801,1.046131,0.85638624,0.3314875,0.56348395,0.084214956,1.0208409,1.1435219
378,-0.47902533,-0.66022617,-0.9818902,-0.2531702,-0.23589437,-0.90107596,-0.23101288,-0.26369962,-0.8186075,-0.52132773,-0.9313598,-0.7793248,-0.79677874,-0.92716396,-0.21835926,-0.24947818
379,1.0380208,-0.17935897,-0.9457277,0.50596535,0.0907286,-0.5846237,-0.2869691,1.0594243,-0.29185963,-0.33017424,-0.59805125,-0.71761304,-0.44192758,-0.35404924,0.016084015,-0.40007278
380,-0.85054684,-0.33964804,-0.47561532,2.8466334,-1.034306,-0.14159049,-0.06314424,2.636995,-0.24397345,-0.52132773,-0.29504344,-0.9027484,-0.9742043,-0.3203366,-0.98867285,-0.3247755
381,0.4188183,0.23739257,1.0070468,0.5692267,-0.780266,0.8077663,0.27259305,0.092526056,0.9052947,1.1608231,0.09886672,0.7634701,1.6871792,0.8258928,-0.5867701,0.69173807
382,-0.9124671,-0.40376365,-0.6564278,-0.2531702,-0.9617232,-0.7428498,-0.17505667,-0.009252703,-0.9143799,-0.17725144,-0.5071489,0.26977572,-0.32364386,-0.4214745,-0.6872458,-0.5506674
383,-1.1911082,-1.0449198,-1.3796777,-1.1388284,-1.5423862,-1.1542377,-1.7418306,-1.9939386,-1.22564,-1.6682488,-1.3555708,-1.64329,-1.6839066,-1.3317155,-1.3235918,-1.5295323
384,-1.1911082,-0.94874644,-1.3796777,-0.18990889,-1.5060948,-1.1225926,-1.2382247,-0.67081463,-1.22564,-0.36840495,-1.2949692,-0.47076586,-0.32364386,-1.3991407,-1.3235918,-0.6259647
385,0.69745946,0.333566,0.6092594,-0.00012500516,0.38106012,0.079926096,0.9440676,0.95764554,0.25883138,0.93143886,0.34127298,0.5166229,0.6817677,0.5224792,0.41798678,1.1811706
386,0.20209743,-0.019069912,0.50077194,0.31618148,0.16331148,0.14321655,0.7761989,-0.060142085,0.13911594,0.7020547,0.7351831,0.5783347,0.2677747,0.5899044,0.28401917,1.1435219
387,-1.0982279,-0.37170583,-0.9818902,-0.82252187,-0.34476867,-0.9960116,-0.790575,-0.92526156,-0.93832296,-1.0947883,-0.53744966,-1.334731,-1.2107717,-0.7923134,-0.7542296,-1.4165864
388,-0.94342726,-0.7884574,-0.8372402,0.063136294,-0.6351002,-0.8377855,-0.3429253,-0.111031465,-0.93832296,-0.86540407,-1.052563,-0.34734225,-0.44192758,-1.0957271,-0.5197863,-0.5130187
389,-0.75766647,-0.5319949,-1.3073527,1.3283622,-0.6351002,-0.9643664,-0.17505667,0.2451942,-0.7228352,-0.7889427,-1.1434653,-0.59418947,-0.5010694,-1.196865,-0.5532782,-0.88950527
390,-1.1601481,-1.0128621,-1.2350277,1.4548849,-0.8891403,-0.489688,-1.3501371,0.2451942,-1.2016969,-1.4770952,-0.59805125,-1.7667136,-1.4473392,-1.3991407,-0.7542296,-1.4918836
391,-0.75766647,0.39768162,-0.47561532,0.063136294,0.01814572,0.17486177,-0.4548377,0.2451942,-0.62706286,-0.21548215,0.91698784,0.20806392,0.09034912,-0.18548608,0.31751108,-0.3247755
392,-0.881507,-0.17935897,-0.43945283,0.50596535,2.5222552,0.23815224,-0.790575,1.7718756,-0.57917666,-0.25371286,0.22006986,-0.16220687,-0.08707645,-0.62375027,0.48497057,-0.6259647
393,-0.6647861,-0.33964804,-0.69259024,-0.4429541,0.05443716,-0.17323571,-0.39888152,-0.111031465,-0.74677825,-0.52132773,-0.355645,-1.026172,-0.5602113,-0.6911755,-0.11788357,-0.588316
394,0.82129997,0.846491,1.2601843,1.1385783,0.9980146,0.23815224,1.4476736,-0.009252703,1.839075,1.2755152,-0.17384031,0.3931993,1.5688956,1.5001454,2.0255978,1.1435219
395,0.7593797,0.846491,1.6218092,1.5181462,-0.38106012,2.7697706,0.9440676,-0.16192085,1.9587904,0.8549775,2.280523,0.26977572,0.3860584,1.3990076,0.18354349,1.2941165
396,0.14017718,12.675824,0.356122,0.5692267,1.3246375,7.326683,0.27259305,-0.26369962,0.25883138,-0.6360199,9.007297,-0.22391866,0.6226258,0.38762861,1.6571869,-0.814208
397,-0.07654371,-0.24347459,0.46460947,-0.69599926,-0.453643,-0.14159049,-0.2869691,-0.77259344,-0.3397458,-0.024328642,0.25037062,0.20806392,-0.38278574,-0.18548608,-0.35232684,0.16465698
398,0.10921705,0.2694504,0.17530954,-0.3796928,-0.9980146,0.26979747,-0.62270635,-0.36547837,0.115172856,-0.59778917,1.0078902,-0.038783275,0.44520026,0.084214956,-0.7542296,-0.701262
399,-0.10750384,-0.40376365,-0.29480284,-1.1388284,-0.59880877,-0.14159049,-0.9024874,-0.5690359,-0.41157505,-0.67425054,0.25037062,-0.28563046,-0.1462183,-0.48889974,-0.21835926,-0.3247755
400,-0.13846396,0.5900285,0.3199595,1.8977139,0.38106012,-0.14159049,-0.2869691,-0.314589,-0.4834043,0.090363465,0.43217534,-0.47076586,0.6226258,0.15164022,0.81988955,-0.17418088
401,-0.26230446,0.5259129,-0.25864038,-0.4429541,-0.19960292,0.04828087,-0.17505667,-0.41636774,1.1207825,0.24328627,-0.23444188,0.3314875,0.2677747,-0.084348194,-0.38581875,0.35290024
402,0.26401767,-0.62816834,0.3199595,-0.7592606,-0.01814572,-0.45804277,0.1047244,-1.2305979,0.18700212,0.51090115,-0.08293796,0.3314875,0.20863283,0.084214956,-0.7877215,-0.21182953
403,-0.13846396,0.14121914,-0.5479403,1.5814074,0.0907286,0.11157133,0.1606806,0.5505305,-0.1482011,-0.33017424,0.94728863,-0.9027484,-0.73763686,-0.5226124,0.5184625,-0.40007278
404,-0.47902533,1.5838207,-0.6564278,2.0242364,1.3972205,1.1558639,-0.56675017,-0.46725714,-0.60311973,-0.6360199,1.9775153,-1.0878838,-1.0333462,-0.62375027,1.2552842,-0.96480256
405,-0.6647861,0.46179727,0.06682206,0.75901055,-0.30847725,-0.20488095,0.21663682,-0.009252703,-0.3397458,-0.17725144,0.8260855,0.022928523,0.32691655,0.15164022,-0.41931063,-0.09888358
406,0.2949778,-0.21141678,0.3199595,-0.632738,-0.01814572,0.30144268,-0.2869691,-0.111031465,-0.1482011,0.01390206,-0.022336401,-0.10049507,0.20863283,0.32020336,0.083067805,0.16465698
407,2.1216252,0.71825975,0.42844698,0.50596535,-0.41735157,-0.55297846,0.66428655,-0.36547837,-0.24397345,-0.100790046,-0.47684813,-0.8410366,-0.73763686,0.89331806,0.31751108,0.27760294
408,0.32593793,0.23739257,1.1878593,0.75901055,1.0705975,0.83941156,0.49641788,0.14341544,0.8574085,2.0783598,0.7048824,1.1337409,1.2731862,0.7921802,-0.38581875,2.1600354
409,0.51169866,0.10916133,0.6454219,2.1507592,-0.0907286,1.0925734,0.38450545,0.39786234,-0.0045425775,0.7402854,0.85638624,0.4549111,0.14949098,0.5224792,0.31751108,0.23995428
410,-0.2932646,0.6220863,0.8985594,-0.18990889,1.1431804,0.71283066,-0.2869691,-0.009252703,1.2165549,-0.13902074,1.038191,0.5783347,1.39147,0.7921802,0.35100296,0.20230563
411,-0.16942409,0.46179727,0.7539094,-0.18990889,0.30847725,0.7761211,-0.4548377,-0.41636774,0.71375,-0.59778917,1.3411988,0.8868937,1.1549026,0.7921802,0.016084015,0.12700833
412,-1.129188,0.5900285,-0.36712784,-1.0123057,-1.0705975,-0.77449507,-0.56675017,-0.92526156,-0.84255064,-0.98009616,-0.29504344,-1.1495956,-0.9742043,-0.6911755,-1.0221647,-0.701262
413,0.14017718,-0.72434175,-0.36712784,-1.0123057,-0.780266,-0.3631071,-0.39888152,-0.72170407,-0.62706286,-0.21548215,-0.8707583,-0.40905407,-1.0333462,-0.25291133,-1.1561323,-0.5506674
414,-0.10750384,-0.5640527,-0.47561532,-0.632738,-1.034306,-0.14159049,-0.17505667,-0.26369962,-0.5312905,-0.100790046,-0.022336401,-0.65590125,-0.678495,-0.72488815,-1.0556567,0.42819753
415,-0.20038421,-0.5961105,-0.7649152,-0.5062154,-0.48993444,-0.489688,-0.9024874,-0.77259344,-0.43551815,-0.40663564,-0.7495552,-0.22391866,-0.1462183,-1.0620145,-0.7542296,-0.36242414
416,-0.13846396,-0.21141678,-0.005502922,-1.1388284,-0.7076831,-0.29981664,0.72024274,-0.009252703,-0.41157505,0.6255933,-0.2041411,0.8251819,-0.08707645,0.084214956,-0.6872458,0.65408945
417,-0.35518485,-0.6922839,-0.25864038,-0.82252187,-1.034306,-0.61626893,-0.3429253,-0.111031465,-0.57917666,-0.44486636,-0.8707583,0.70175827,0.031207265,-0.18548608,-0.9216891,-0.40007278
418,-0.7886266,-0.37170583,0.50077194,-1.0123057,-1.3246375,-0.23652618,-1.1263123,-1.0779297,-0.24397345,-0.86540407,-0.77985597,-0.9027484,-1.0333462,0.15164022,-0.8881972,-0.8518566
419,-0.35518485,0.39768162,0.9708844,-1.0123057,-0.01814572,0.9343472,-0.2869691,-1.0270404,1.1926118,-0.13902074,-0.38594577,-0.34734225,0.09034912,0.85960543,-0.41931063,0.65408945
420,-1.0053475,-0.5319949,-0.8010777,-1.075567,-0.780266,-0.67955935,-0.56675017,-0.77259344,-0.962266,-0.6360199,-0.5071489,-0.65590125,-0.5010694,-0.826026,-0.9216891,-0.3247755
421,-0.0146234585,1.00678,0.6815844,0.6957493,0.2721858,0.5229593,0.1047244,0.39786234,1.0968394,0.8549775,0.34127298,0.3931993,0.3860584,0.4550539,0.28401917,0.6164408
422,-0.13846396,-0.33964804,-0.36712784,0.1263976,-0.56251734,-0.5846237,-0.11910045,-0.16192085,-0.0045425775,-0.59778917,-0.44654733,0.08464032,-0.26450202,-0.35404924,0.35100296,-0.40007278
423,-0.20038421,0.04504571,0.39228448,-0.7592606,-0.38106012,-0.55297846,0.6083303,-0.26369962,0.71375,0.51090115,0.03826516,0.6400465,-0.5010694,0.38762861,-0.21835926,-0.023586275
424,-0.6647861,0.14121914,0.03065957,-0.56947666,-0.780266,0.7761211,-0.790575,-0.36547837,-0.5073474,0.01390206,0.6745816,-0.7793248,-0.85592055,0.15164022,0.016084015,-0.24947818
425,0.72841954,-0.019069912,1.2601843,1.265101,0.41735157,0.04828087,1.5595859,1.7718756,0.88135165,2.193052,-0.38594577,3.9107718,2.9883,0.85960543,0.48497057,1.3694139
426,0.14017718,0.333566,1.4409968,-0.063386306,-0.01814572,0.39637837,1.6155422,1.9754331,0.78557926,0.9696696,0.40187454,2.1828415,2.3968816,1.3990076,0.1500516,0.9929273
427,1.0380208,-0.051127724,2.0195966,-0.00012500516,0.38106012,0.36473313,1.6714983,1.3138711,1.3841565,1.3902073,1.1896949,1.4422998,1.9828885,1.9721222,-0.050899778,1.2564678
428,2.2145054,0.81443316,-0.5479403,0.25292018,0.23589437,-0.67955935,0.27259305,-1.4341553,-0.10031492,0.43443978,-0.38594577,-0.40905407,-0.5602113,-0.5226124,0.5519543,0.8423327
429,-0.94342726,-0.7563996,-0.7649152,-1.5816574,-0.780266,-0.2681714,-1.070356,-0.8743722,-0.7707214,-1.2859418,-0.29504344,-0.71761304,-1.2107717,-0.5226124,-0.8547053,-1.0400999
430,-0.07654371,2.4173236,0.7539094,-0.2531702,-0.2721858,2.6431897,-0.4548377,0.04163668,0.23488829,1.3519766,1.5230035,0.20806392,0.56348395,0.5899044,0.48497057,0.12700833
431,0.69745946,1.3273581,-0.69259024,4.048598,2.7400038,-0.10994527,0.27259305,0.95764554,-0.5552336,0.090363465,-0.355645,0.08464032,0.20863283,-0.72488815,3.599717,-0.21182953
432,-0.7886266,-0.21141678,-0.6564278,0.6957493,-0.38106012,-0.8694307,-1.1822685,-1.2305979,-0.6510059,-0.71248126,-0.23444188,-0.71761304,-0.38278574,-0.59003764,-0.31883493,-0.8518566
433,-0.63382596,1.1029534,-0.8734027,-0.69599926,-0.16331148,-0.61626893,-0.3429253,-0.26369962,-1.0101522,0.01390206,-0.8101567,0.08464032,0.031207265,-0.6574629,-0.01740788,-0.28712684
434,0.7593797,0.5259129,1.4048343,-1.075567,0.59880877,1.5356065,0.49641788,-1.0270404,1.001067,1.5431302,1.3411988,1.0720291,0.9183351,1.0618812,-0.25185114,2.009441
435,0.35689804,0.077103525,0.28379703,-1.2653509,-0.6351002,0.11157133,0.9440676,-0.5181465,-0.052428752,0.7785161,-0.052637182,0.14635211,0.7409095,-0.05063556,-0.5867701,0.12700833
436,-0.23134434,-0.33964804,0.46460947,0.75901055,1.1431804,-0.20488095,-0.8465312,-0.21281023,-0.29185963,-0.55955845,0.7957847,-0.59418947,-0.6193532,-0.016922932,0.78639764,-0.5130187
437,-0.7267064,-0.8205152,-0.5841028,0.063136294,-0.52622586,-0.5846237,-0.790575,-0.61992526,-0.6988921,-0.17725144,-0.29504344,-0.9027484,-1.092488,-0.6574629,-0.7207377,-0.40007278
438,1.8429841,-0.62816834,0.42844698,0.6957493,0.01814572,-0.8377855,1.6155422,-0.67081463,0.23488829,0.7785161,-0.7192544,1.2571645,0.8000514,0.48876652,0.1500516,0.50349486
439,0.97610056,2.03263,1.4409968,0.1896589,3.3932498,-0.07830004,1.9512795,0.29608357,1.240498,1.8489758,0.1594683,1.5040116,1.5097537,1.3315823,2.963371,1.0682245
440,0.7903398,1.1350113,0.21147203,3.415985,2.086758,0.36473313,0.72024274,0.95764554,-0.43551815,0.8167468,1.4927027,1.8125707,1.4506118,0.11792759,1.9921058,0.50349486
441,-0.50998545,-0.9166886,-0.9818902,-0.56947666,-1.0705975,-0.7112046,0.1047244,-0.16192085,-1.0101522,-0.44486636,-0.2041411,-0.71761304,-0.9150624,-1.0283018,-1.0556567,-0.17418088
442,-0.26230446,-0.30759022,0.102984555,0.63248795,-0.7439745,0.5229593,0.1606806,-0.060142085,0.23488829,-0.25371286,0.37157375,-0.28563046,0.56348395,-0.18548608,-0.31883493,-0.061234925
443,-0.47902533,-0.24347459,-0.6202653,0.1263976,0.48993444,-0.67955935,-0.23101288,-0.41636774,-0.3158027,-0.6360199,-1.1131645,-0.22391866,-0.1462183,-0.5226124,0.2505273,-0.5506674
444,-0.94342726,-0.852573,-1.1627027,-1.8979639,-0.59880877,-0.9960116,-1.6299182,-1.9430492,-1.1059246,-1.4006339,-1.2949692,-1.334731,-1.1516298,-1.2305776,0.8533814,-1.3789377
445,0.32593793,1.0388379,0.57309693,-0.1266476,0.56251734,0.4280236,0.1047244,-0.060142085,0.09122977,-0.100790046,0.40187454,-0.038783275,0.20863283,0.75846756,0.6859219,0.08935968
446,-0.4171051,-0.5319949,-0.5117778,-0.632738,0.05443716,-0.67955935,0.72024274,0.49964112,-0.6988921,-0.750712,-0.5071489,-0.038783275,-0.6193532,-0.4551871,0.38449487,-0.21182953
447,-0.16942409,-0.2755324,-0.15015289,-0.56947666,1.3246375,-0.17323571,-0.3429253,-0.46725714,0.28277448,0.20505556,-0.052637182,0.26977572,0.3860584,-0.05063556,0.7529057,0.27760294
448,-1.0982279,-0.852573,-0.8010777,-1.2653509,-1.1068889,-0.9327212,-0.7346188,-1.5359341,-1.1298677,-1.4388646,-0.8404575,-0.96446025,-1.092488,-0.826026,-0.98867285,-1.0024512
449,-1.0053475,-0.852573,-0.5841028,-1.2653509,-1.1794719,-0.80614024,-1.1263123,-1.4341553,-1.1298677,-1.2477111,-0.9616606,-1.334731,-1.1516298,-0.7586008,-1.0891485,-1.341289
450,-0.20038421,-0.7884574,0.03065957,-1.1388284,-1.0705975,-0.015009585,-0.39888152,-0.77259344,0.18700212,-0.024328642,-0.5071489,-0.10049507,0.50434214,0.38762861,-0.7542296,0.08935968
451,-0.50998545,-0.6922839,-0.07782791,-1.5183961,-0.780266,-0.29981664,-0.06314424,-1.383266,-0.1482011,-0.062559344,-0.59805125,-0.34734225,0.14949098,0.32020336,-0.7542296,0.014062377
452,-0.9124671,-0.9166886,-1.0542152,-0.4429541,-1.1431804,-0.9327212,-1.0143999,-0.314589,-0.89043677,-0.71248126,-1.1131645,0.022928523,-0.02793459,-1.0957271,-1.0556567,-0.701262
453,0.48073855,-0.4999371,0.24763452,1.1385783,0.19960292,-0.17323571,0.32854924,-0.009252703,-0.22003037,0.7402854,-0.022336401,-0.28563046,-0.20536016,0.32020336,-0.31883493,0.6164408
454,0.6045791,0.49385506,0.53693444,-0.8857832,-0.19960292,-0.45804277,0.9440676,-1.3323766,-0.3158027,0.16682486,0.4927769,0.8251819,0.09034912,0.28649074,-0.21835926,-0.061234925
455,0.69745946,-0.019069912,-0.69259024,-0.56947666,-0.12702005,-0.9327212,0.38450545,-1.1288191,-0.7228352,-0.40663564,-0.65865284,-0.038783275,-0.5010694,-0.556325,-0.050899778,-0.09888358
456,0.35689804,-0.72434175,-1.0180527,0.37944278,0.9617232,-0.9643664,-0.62270635,-0.67081463,-0.9143799,-0.6360199,-1.0222622,-1.334731,-1.3881973,-1.0620145,0.7529057,-0.6259647
457,-0.5409456,-0.72434175,-1.3073527,-1.1388284,-0.12702005,-1.0593021,-1.6299182,-1.2305979,-0.8186075,-1.133019,-1.052563,-1.7050018,-1.5656228,-1.2980028,-0.48629442,-1.1153972
458,-0.97438735,-0.5640527,-1.3796777,-1.5816574,0.0907286,-1.1225926,-1.5180057,-0.97615093,-0.962266,-0.98009616,-1.2343676,-1.4581546,-1.506481,-1.196865,-0.82121336,-1.0400999
459,-0.7886266,-0.66022617,-0.29480284,-0.8857832,-1.1431804,-0.5846237,-0.3429253,-0.92526156,-0.62706286,-0.29194355,-0.77985597,-0.47076586,0.20863283,-0.3203366,-0.9216891,-0.28712684
460,-0.23134434,-0.62816834,-0.5117778,-1.1388284,-0.8528488,-0.45804277,0.38450545,-0.5181465,-0.6510059,-0.024328642,-0.44654733,-0.10049507,0.09034912,-0.5226124,-0.8547053,0.16465698
461,0.07825692,-0.5640527,-0.9095652,0.25292018,-1.3972205,-0.9327212,0.21663682,-0.21281023,-0.7707214,-0.33017424,-0.9010591,-0.22391866,-0.1462183,-0.9608766,-0.98867285,-0.3247755
462,0.14017718,-0.9166886,0.7900719,-0.69599926,-0.52622586,-0.5846237,0.32854924,-1.1288191,-0.22003037,0.090363465,-0.14353953,0.6400465,0.3860584,0.75846756,-0.5867701,0.27760294
463,-0.85054684,-1.0128621,-1.0542152,-0.3164315,-1.2157632,-0.61626893,-0.790575,0.49964112,-1.0580384,-1.0947883,-0.9616606,-0.9027484,-0.5010694,-0.9945892,-1.2231162,-1.1153972
464,0.7903398,-0.33964804,0.50077194,-0.063386306,1.1068889,-0.7428498,-0.2869691,-0.314589,-0.22003037,-0.52132773,-0.23444188,-0.40905407,-0.38278574,0.4550539,0.987349,-0.28712684
465,1.4405024,0.5259129,0.53693444,0.44270408,1.2883462,-0.07830004,0.72024274,-0.009252703,0.83346546,0.7020547,0.1594683,0.20806392,0.2677747,0.2527781,1.4227437,1.1435219
466,-0.44806522,0.8785488,-0.18631539,0.63248795,1.9778836,1.0925734,0.7761989,0.95764554,-0.3636889,-0.52132773,1.1290933,0.022928523,-0.26450202,-0.5226124,2.4609926,-0.24947818
467,1.2547417,1.9043988,2.634359,-0.94904447,4.1553698,1.3773804,1.05598,0.29608357,3.1559448,2.3842056,1.856312,2.306265,1.6871792,1.904697,2.2600412,1.9717922
468,-0.47902533,-0.051127724,0.46460947,-0.00012500516,1.5423862,-0.015009585,-1.0143999,-0.8234828,-0.17214419,-0.52132773,-0.41624656,-0.47076586,-0.678495,-0.016922932,0.28401917,-0.7765593
469,-0.97438735,-0.051127724,-1.2711902,-0.7592606,-1.0705975,-0.7428498,-1.2941809,-0.72170407,-1.1059246,-1.4006339,-0.9919614,-0.9027484,-0.9742043,-1.1631523,-0.620262,-1.341289
470,-0.3242247,0.077103525,-0.005502922,0.8222719,0.12702005,2.4533184,1.1678925,2.5352163,-0.5073474,0.7402854,1.2199956,1.0720291,0.56348395,-0.3203366,0.18354349,0.16465698
471,-0.4171051,-0.30759022,-0.8372402,-0.3164315,-0.34476867,-0.14159049,-0.7346188,1.2629818,-0.93832296,-0.024328642,-0.8101567,0.8251819,0.56348395,-0.9945892,-0.45280254,0.08935968
472,0.35689804,-0.019069912,0.03065957,1.0120558,-0.19960292,0.6495402,0.32854924,1.3138711,0.13911594,0.5873626,0.7654839,0.8868937,0.97747695,0.32020336,1.1548085,1.1435219
473,0.7903398,0.2694504,0.7539094,0.063136294,-0.16331148,-0.046654813,1.1678925,0.04163668,0.3785468,0.6255933,-0.23444188,1.9359943,1.4506118,0.8258928,0.65243006,0.91763
474,1.0999411,2.0646877,2.5258713,-0.00012500516,1.5786777,2.3267374,1.2798048,0.39786234,2.4855385,1.6195915,2.6138318,2.7382476,1.9237467,2.9497886,1.4897274,1.896495
475,-0.4171051,-0.019069912,0.53693444,-1.0123057,-1.1431804,-0.07830004,-1.1263123,-0.97615093,1.2165549,-0.86540407,-0.355645,-0.71761304,0.031207265,0.7921802,-0.41931063,-0.6259647
476,-0.6647861,-0.115243345,0.13914704,-0.632738,-0.52622586,-0.7112046,-1.1263123,-0.8743722,-0.41157505,-0.48309705,-0.53744966,0.8868937,0.97747695,-0.016922932,-0.6872458,-0.47537008
477,-0.7267064,-0.66022617,-0.9457277,-0.1266476,-0.01814572,-0.90107596,-1.0143999,0.39786234,-0.93832296,-1.2477111,-0.9313598,-0.10049507,-0.9150624,-0.92716396,0.38449487,-0.7765593
478,-1.1601481,-1.0128621,-1.2711902,-2.151009,-1.4335119,-1.1542377,-1.6858743,-1.9939386,-1.1298677,-1.6682488,-1.3555708,-1.3964428,-1.5656228,-0.92716396,-1.3235918,-1.567181
479,0.5426588,0.14121914,-0.29480284,-0.632738,-0.23589437,0.49131405,0.1606806,-0.314589,-0.3397458,-0.55955845,1.0078902,0.3931993,-0.6193532,-0.3203366,-0.5867701,-0.09888358
480,1.0070606,-0.14730115,0.17530954,-0.5062154,0.52622586,0.4280236,1.05598,1.41565,0.5940346,1.6960529,-0.17384031,1.1954527,1.0366188,0.5561918,-0.31883493,0.91763
481,-0.10750384,0.71825975,0.03065957,0.75901055,0.34476867,1.7571231,1.2238487,1.6192075,0.01940051,0.47267047,1.0987926,0.20806392,-0.20536016,-0.18548608,-0.18486735,0.23995428
482,2.090665,0.3015082,1.7664592,0.1896589,1.7964263,0.83941156,0.27259305,0.44875172,2.5813107,1.2755152,0.7048824,1.4422998,1.0366188,1.5675707,0.65243006,1.030576
483,-0.50998545,-0.30759022,-0.005502922,-0.5062154,-1.1794719,2.295092,-1.3501371,0.092526056,-0.62706286,-0.40663564,0.37157375,-0.47076586,-0.1462183,0.32020336,-0.48629442,-0.588316
484,-0.13846396,0.04504571,-0.22247787,2.5303268,-0.19960292,0.83941156,0.21663682,2.1281013,-0.0045425775,0.8932082,0.22006986,1.5040116,1.0366188,-0.21919872,-0.41931063,0.65408945
485,0.016336668,-0.21141678,-0.113990396,1.6446687,-0.23589437,0.5862497,0.38450545,1.5174288,-0.028485665,0.7402854,-0.2041411,1.3188763,0.56348395,-0.15177345,-0.25185114,0.9929273
486,-0.47902533,0.42973945,-0.18631539,0.63248795,0.16331148,1.4723161,-0.3429253,0.754088,-0.22003037,-0.17725144,0.91698784,-0.16220687,0.20863283,-0.11806082,0.31751108,-0.24947818
487,0.44977844,1.6479362,0.17530954,0.44270408,0.12702005,1.31409,-0.2869691,1.2120924,0.2109452,0.12859416,1.2805972,0.14635211,0.32691655,0.18535285,0.65243006,0.50349486
488,-0.23134434,-0.62816834,-1.0180527,1.3916235,0.0907286,-0.6479141,-0.6786626,1.822765,-0.26791653,-0.29194355,-1.0222622,-0.65590125,-0.44192758,-0.826026,0.28401917,-0.5130187
489,-0.6028659,-0.72434175,-0.9818902,-0.8857832,-0.8528488,-0.7428498,-0.9024874,-0.61992526,-0.8664937,-1.0183269,-0.6889536,-1.2730192,-1.1516298,-1.0620145,-0.7542296,-1.0777485
490,-0.5409456,0.0129879,-0.9095652,0.37944278,0.38106012,-0.5213332,-0.7346188,-0.61992526,-0.84255064,-1.0565575,-0.355645,-0.40905407,-0.73763686,-0.89345133,-0.18486735,-0.6259647
491,-0.50998545,0.2694504,-0.113990396,0.50596535,0.780266,0.5862497,-0.4548377,-0.21281023,-0.5312905,-0.67425054,0.6745816,-0.22391866,-0.08707645,-0.21919872,1.1883004,-0.7389107
492,0.26401767,0.39768162,-0.005502922,-0.1266476,1.5060948,0.5862497,-0.5107939,-0.8234828,-0.29185963,-0.36840495,0.7957847,-0.9027484,-0.678495,-0.21919872,1.1883004,-0.24947818
493,-1.0363076,0.39768162,-1.1988652,-0.7592606,0.52622586,-0.29981664,-0.95844364,-1.4341553,-1.0340953,-1.4006339,0.40187454,-1.2113074,-1.3881973,-1.2642902,0.58544624,-1.1906945
494,-0.75766647,-0.7884574,-1.2350277,-1.0123057,-0.9254317,-0.61626893,-0.56675017,0.29608357,-0.962266,-0.98009616,-0.9010591,-0.40905407,0.031207265,-0.92716396,-0.9216891,-1.0777485
495,0.23305754,-0.019069912,0.50077194,-0.18990889,0.9254317,0.14321655,0.27259305,-0.5181465,-0.07637184,0.7020547,-0.23444188,-0.96446025,-0.73763686,0.15164022,0.7194138,0.95527864
496,0.7903398,0.46179727,0.7539094,1.075317,2.2319236,-0.33146185,1.1678925,-0.16192085,0.83346546,0.51090115,-0.14353953,0.26977572,0.6226258,0.6573297,2.327025,0.65408945
497,-0.045583583,-0.5319949,0.24763452,-0.7592606,-0.19960292,-0.07830004,-0.56675017,-0.72170407,-0.24397345,0.090363465,-0.56775045,-0.59418947,-0.38278574,0.42134127,0.049575914,-0.09888358
498,1.0999411,0.8785488,0.7900719,1.7079301,2.7400038,0.33308792,0.5523741,0.49964112,1.001067,0.35797837,1.7957104,0.5783347,1.0957607,0.7247549,1.0543327,1.0682245
499,1.0689809,0.04504571,0.39228448,0.44270408,0.8891403,-0.10994527,0.72024274,1.8736544,0.23488829,1.046131,-0.53744966,1.3188763,0.09034912,0.05050233,0.58544624,0.42819753
500,0.047296792,-0.5961105,-0.5117778,-1.0123057,-0.41735157,-0.39475232,0.04876819,-1.2814872,-0.3397458,-0.024328642,-0.47684813,-0.59418947,-0.678495,-0.59003764,0.049575914,-0.36242414
501,-0.7886266,-0.30759022,-0.72875273,0.44270408,0.19960292,-0.6479141,-0.56675017,0.39786234,-0.962266,-1.3241725,-0.113238744,-1.0878838,-0.6193532,-0.72488815,-0.41931063,-1.1906945
502,-0.38614497,0.3015082,-0.18631539,0.50596535,0.48993444,0.8077663,-0.0071880245,-0.111031465,-0.45946124,-0.17725144,0.31097218,0.20806392,0.44520026,-0.35404924,0.7194138,-0.5130187
503,0.69745946,1.0388379,1.5494843,-1.2020897,2.1230493,1.4090257,0.6083303,0.5505305,0.33066064,1.2755152,2.1290193,0.7634701,0.8000514,1.2978697,1.5567112,0.65408945
504,-0.97438735,-0.98080426,-0.8734027,-1.8979639,-0.780266,-0.23652618,-1.573962,-1.2814872,-0.6988921,-0.71248126,-0.3253442,-0.9027484,-0.79677874,-0.8597387,-1.1896242,-0.814208
505,0.57361895,0.14121914,0.24763452,0.31618148,1.0705975,-0.14159049,1.9512795,0.29608357,0.23488829,1.1225924,0.06856594,1.0103173,2.160314,0.7247549,0.81988955,1.2188193
